group,fraction,seed,reference,comparison,metric,delta,ci_low,ci_high,replicates,valid_replicates,scope,unit
equal_search,0.01,42,scratch,pretrained,macro_auroc,0.03196574880060332,0.0232522745217912,0.041062703087737004,2000,2000,conditional_on_fitted_pair,patient
equal_search,0.01,42,scratch,pretrained,macro_auprc,0.07027121191047181,0.05195981307350009,0.08617571651007967,2000,2000,conditional_on_fitted_pair,patient
equal_search,0.01,42,scratch,xresnet1d101,macro_auroc,-0.022058200983887,-0.03182885997808666,-0.012008368709809036,2000,2000,conditional_on_fitted_pair,patient
equal_search,0.01,42,scratch,xresnet1d101,macro_auprc,-0.02517342734949901,-0.04155633829394999,-0.008303864579882254,2000,2000,conditional_on_fitted_pair,patient
equal_search,0.01,42,xresnet1d101,pretrained,macro_auroc,0.05402394978449032,0.044109855554773376,0.06401962035584884,2000,2000,conditional_on_fitted_pair,patient
equal_search,0.01,42,xresnet1d101,pretrained,macro_auprc,0.09544463925997082,0.0756427654015604,0.11147942992495972,2000,2000,conditional_on_fitted_pair,patient
equal_search,0.01,52,scratch,pretrained,macro_auroc,0.05746906367281479,0.0481881856682115,0.06626939991510254,2000,2000,conditional_on_fitted_pair,patient
equal_search,0.01,52,scratch,pretrained,macro_auprc,0.11563305741770946,0.09898702186907782,0.13180893861980425,2000,2000,conditional_on_fitted_pair,patient
equal_search,0.01,52,scratch,xresnet1d101,macro_auroc,-0.01636308764863248,-0.02733001574515171,-0.005275926570803471,2000,2000,conditional_on_fitted_pair,patient
equal_search,0.01,52,scratch,xresnet1d101,macro_auprc,-0.00439667782046349,-0.02168436615730949,0.012907793169438957,2000,2000,conditional_on_fitted_pair,patient
equal_search,0.01,52,xresnet1d101,pretrained,macro_auroc,0.07383215132144727,0.06268692058829753,0.08493810066075293,2000,2000,conditional_on_fitted_pair,patient
equal_search,0.01,52,xresnet1d101,pretrained,macro_auprc,0.12002973523817295,0.10211810015945737,0.13698444547556476,2000,2000,conditional_on_fitted_pair,patient
equal_search,0.01,62,scratch,pretrained,macro_auroc,0.06228959453146854,0.051749284261026214,0.07268848089984069,2000,2000,conditional_on_fitted_pair,patient
equal_search,0.01,62,scratch,pretrained,macro_auprc,0.10612148198672489,0.0837219491225703,0.12815728130331017,2000,2000,conditional_on_fitted_pair,patient
equal_search,0.01,62,scratch,xresnet1d101,macro_auroc,-0.0038370361664057384,-0.01402079943426431,0.006084723591241575,2000,2000,conditional_on_fitted_pair,patient
equal_search,0.01,62,scratch,xresnet1d101,macro_auprc,0.0007335425864988254,-0.01814155149904244,0.019211798554031333,2000,2000,conditional_on_fitted_pair,patient
equal_search,0.01,62,xresnet1d101,pretrained,macro_auroc,0.06612663069787428,0.055849260614136156,0.07667522653079491,2000,2000,conditional_on_fitted_pair,patient
equal_search,0.01,62,xresnet1d101,pretrained,macro_auprc,0.10538793940022606,0.08487519916544904,0.12498821905364282,2000,2000,conditional_on_fitted_pair,patient
equal_search,1.0,42,scratch,pretrained,macro_auroc,0.012458909390630879,0.007849571112976458,0.017113368936355875,2000,2000,conditional_on_fitted_pair,patient
equal_search,1.0,42,scratch,pretrained,macro_auprc,0.030395167432070047,0.020611818208855097,0.04052601548746773,2000,2000,conditional_on_fitted_pair,patient
equal_search,1.0,42,scratch,xresnet1d101,macro_auroc,-0.0007812074491422294,-0.005992301150350635,0.004402248421861792,2000,2000,conditional_on_fitted_pair,patient
equal_search,1.0,42,scratch,xresnet1d101,macro_auprc,0.0015293307453210225,-0.009108663495735012,0.01246974957737561,2000,2000,conditional_on_fitted_pair,patient
equal_search,1.0,42,xresnet1d101,pretrained,macro_auroc,0.013240116839773108,0.00781542731721981,0.018599996235490534,2000,2000,conditional_on_fitted_pair,patient
equal_search,1.0,42,xresnet1d101,pretrained,macro_auprc,0.028865836686749025,0.01820443556367726,0.040155028724282865,2000,2000,conditional_on_fitted_pair,patient
equal_search,1.0,52,scratch,pretrained,macro_auroc,0.011411778382585558,0.006780259995656526,0.015820760766221693,2000,2000,conditional_on_fitted_pair,patient
equal_search,1.0,52,scratch,pretrained,macro_auprc,0.027615917844920346,0.01745888486692057,0.037226931469495184,2000,2000,conditional_on_fitted_pair,patient
equal_search,1.0,52,scratch,xresnet1d101,macro_auroc,0.0020522829045304114,-0.002368998766632241,0.006341267641480465,2000,2000,conditional_on_fitted_pair,patient
equal_search,1.0,52,scratch,xresnet1d101,macro_auprc,0.005187316938351838,-0.004228325876504002,0.01422491493412683,2000,2000,conditional_on_fitted_pair,patient
equal_search,1.0,52,xresnet1d101,pretrained,macro_auroc,0.009359495478055146,0.0044978639148817055,0.014066989683609227,2000,2000,conditional_on_fitted_pair,patient
equal_search,1.0,52,xresnet1d101,pretrained,macro_auprc,0.022428600906568508,0.012143324244920817,0.032477475420406354,2000,2000,conditional_on_fitted_pair,patient
equal_search,1.0,62,scratch,pretrained,macro_auroc,0.013746712247210802,0.008543214281445565,0.018887131575809468,2000,2000,conditional_on_fitted_pair,patient
equal_search,1.0,62,scratch,pretrained,macro_auprc,0.0328248621118048,0.020930846749351494,0.043362923795684065,2000,2000,conditional_on_fitted_pair,patient
equal_search,1.0,62,scratch,xresnet1d101,macro_auroc,0.0059010391228783154,0.0007187208311886323,0.010833457318425962,2000,2000,conditional_on_fitted_pair,patient
equal_search,1.0,62,scratch,xresnet1d101,macro_auprc,0.011225112757884403,-2.5619161320528055e-05,0.021194988738052454,2000,2000,conditional_on_fitted_pair,patient
equal_search,1.0,62,xresnet1d101,pretrained,macro_auroc,0.007845673124332486,0.0038560528012321544,0.011866096495466957,2000,2000,conditional_on_fitted_pair,patient
equal_search,1.0,62,xresnet1d101,pretrained,macro_auprc,0.021599749353920394,0.011985963240132952,0.031209340157177825,2000,2000,conditional_on_fitted_pair,patient
fixed_full,1.0,42,scratch,pretrained,macro_auroc,0.0196919993986171,0.014614220562922742,0.024784614073810805,2000,2000,conditional_on_fitted_pair,patient
fixed_full,1.0,42,scratch,pretrained,macro_auprc,0.04546822578566245,0.032106467048397334,0.058635176632330435,2000,2000,conditional_on_fitted_pair,patient
fixed_full,1.0,52,scratch,pretrained,macro_auroc,0.02162486702699462,0.016401108768394856,0.026719653994826453,2000,2000,conditional_on_fitted_pair,patient
fixed_full,1.0,52,scratch,pretrained,macro_auprc,0.04905978644139364,0.036066309486392646,0.060842803234628415,2000,2000,conditional_on_fitted_pair,patient
fixed_full,1.0,62,scratch,pretrained,macro_auroc,0.01989824709010024,0.014860743919285112,0.025056906890019992,2000,2000,conditional_on_fitted_pair,patient
fixed_full,1.0,62,scratch,pretrained,macro_auprc,0.04239626233715066,0.02984324404961303,0.05460682825704047,2000,2000,conditional_on_fitted_pair,patient
frozen,0.05,42,random_probe,linear_probe,macro_auroc,0.12997380256872992,0.11758764253531158,0.14284494766149258,2000,2000,conditional_on_fitted_pair,patient
frozen,0.05,42,random_probe,linear_probe,macro_auprc,0.2169461554384029,0.19262306701052925,0.23619427316918168,2000,2000,conditional_on_fitted_pair,patient
frozen,0.05,52,random_probe,linear_probe,macro_auroc,0.12585843436498478,0.11363985673974503,0.13844325259647433,2000,2000,conditional_on_fitted_pair,patient
frozen,0.05,52,random_probe,linear_probe,macro_auprc,0.22917934211618607,0.2079239366702268,0.24743815895883386,2000,2000,conditional_on_fitted_pair,patient
frozen,0.05,62,random_probe,linear_probe,macro_auroc,0.12276882937067657,0.11083879350463824,0.1346882336290574,2000,2000,conditional_on_fitted_pair,patient
frozen,0.05,62,random_probe,linear_probe,macro_auprc,0.20927511919051556,0.187259560948151,0.22849742297906683,2000,2000,conditional_on_fitted_pair,patient
frozen,0.1,42,random_probe,linear_probe,macro_auroc,0.11764550171786214,0.10632931414835207,0.12964359653789806,2000,2000,conditional_on_fitted_pair,patient
frozen,0.1,42,random_probe,linear_probe,macro_auprc,0.20485009439228774,0.18197338587316858,0.2241347889230451,2000,2000,conditional_on_fitted_pair,patient
frozen,0.1,52,random_probe,linear_probe,macro_auroc,0.11866220651802784,0.10735694828391244,0.13018530495614355,2000,2000,conditional_on_fitted_pair,patient
frozen,0.1,52,random_probe,linear_probe,macro_auprc,0.21615551055308002,0.1958579416856897,0.23432898092392965,2000,2000,conditional_on_fitted_pair,patient
frozen,0.1,62,random_probe,linear_probe,macro_auroc,0.11088505593588094,0.09928358360341237,0.1226402506671403,2000,2000,conditional_on_fitted_pair,patient
frozen,0.1,62,random_probe,linear_probe,macro_auprc,0.19642975705216503,0.17557573472680393,0.21447920819184882,2000,2000,conditional_on_fitted_pair,patient
frozen,1.0,42,random_probe,linear_probe,macro_auroc,0.09186790360378883,0.08196004013525032,0.10231675216648695,2000,2000,conditional_on_fitted_pair,patient
frozen,1.0,42,random_probe,linear_probe,macro_auprc,0.18164343062385802,0.1605289478535502,0.198452385074379,2000,2000,conditional_on_fitted_pair,patient
frozen,1.0,52,random_probe,linear_probe,macro_auroc,0.09395716892633388,0.08432950344271094,0.10366789606038959,2000,2000,conditional_on_fitted_pair,patient
frozen,1.0,52,random_probe,linear_probe,macro_auprc,0.17798050030153734,0.15904916750919768,0.19570401371288412,2000,2000,conditional_on_fitted_pair,patient
frozen,1.0,62,random_probe,linear_probe,macro_auroc,0.0836722695490355,0.07432161334650308,0.09271668060784136,2000,2000,conditional_on_fitted_pair,patient
frozen,1.0,62,random_probe,linear_probe,macro_auprc,0.16438935563959223,0.14558186639164383,0.18232586892940147,2000,2000,conditional_on_fitted_pair,patient
