group,model,fraction,seed,run,macro_auroc,macro_auprc,macro_f1,macro_sensitivity,macro_specificity,micro_f1,brier,macro_ece,reused_phase1
fixed_full,scratch,1.0,52,runs/phase2/replication_scratch_f1_s52_lr0.0001,0.9054568717090069,0.7693559444104177,0.7080453785073787,0.730194016087349,0.8903955002126226,0.7542168674698795,0.09162916988134384,0.029683140445538592,False
fixed_full,scratch,1.0,62,runs/phase2/replication_scratch_f1_s62_lr0.0001,0.9052534055658576,0.7757499400161997,0.7161977544682966,0.755355104310412,0.8851447826261643,0.7570774707577556,0.08979742228984833,0.025805946088899225,False
fixed_full,pretrained,1.0,52,runs/phase2/replication_pretrained_f1_s52_lr0.0001,0.9270817387360015,0.8184157308518113,0.7405571720478472,0.7879405574571219,0.8888229738893791,0.779939617577994,0.08162643015384674,0.03448156332312302,False
fixed_full,pretrained,1.0,62,runs/phase2/replication_pretrained_f1_s62_lr0.0001,0.9251516526559579,0.8181462023533503,0.7483483411733685,0.774943611100326,0.9071953129024803,0.786579038395019,0.07915306091308594,0.018253343223151343,False
fixed_full,linear_probe,1.0,52,runs/phase2/replication_linear_probe_f1_s52_lr0.001,0.9199131623212551,0.804337883646342,0.7360302129941966,0.7655650173360583,0.9027699093283097,0.7699237699237699,0.08353353291749954,0.020889506531849962,False
frozen,linear_probe,1.0,52,runs/phase2/replication_linear_probe_f1_s52_lr0.001,0.9199131623212551,0.804337883646342,0.7360302129941966,0.7655650173360583,0.9027699093283097,0.7699237699237699,0.08353353291749954,0.020889506531849962,False
fixed_full,linear_probe,1.0,62,runs/phase2/replication_linear_probe_f1_s62_lr0.001,0.9203471891133803,0.8042504770827648,0.7351004142111225,0.7681606412599289,0.8973263268527866,0.7722908093278463,0.08361376821994781,0.02038573409388389,False
frozen,linear_probe,1.0,62,runs/phase2/replication_linear_probe_f1_s62_lr0.001,0.9203471891133803,0.8042504770827648,0.7351004142111225,0.7681606412599289,0.8973263268527866,0.7722908093278463,0.08361376821994781,0.02038573409388389,False
frozen,random_probe,0.05,42,runs/phase2/frozen_control_random_probe_f0.05_s42_lr0.001,0.765076822626062,0.5363751962015048,0.5480496398901167,0.6206864993306938,0.7716068484677404,0.6002180345740539,0.14302141964435577,0.04017437693763928,False
frozen,random_probe,0.05,52,runs/phase2/frozen_control_random_probe_f0.05_s52_lr0.001,0.7724926647767342,0.5320527833308575,0.5477217612274755,0.6750955009250788,0.7282421268417572,0.5845796428052853,0.14487408101558685,0.03952176924743124,False
frozen,random_probe,0.05,62,runs/phase2/frozen_control_random_probe_f0.05_s62_lr0.001,0.7795550338988007,0.5573469823811273,0.5558084831432997,0.6513534974560582,0.767292672407029,0.5932515337423313,0.1403013914823532,0.0394294135061898,False
frozen,random_probe,0.1,42,runs/phase2/frozen_control_random_probe_f0.1_s42_lr0.001,0.7871114358693643,0.5639406249272405,0.5676226809922434,0.6183280613944823,0.8038549968804066,0.6167343623070675,0.1372673362493515,0.038951313939632595,False
frozen,random_probe,0.1,52,runs/phase2/frozen_control_random_probe_f0.1_s52_lr0.001,0.7893101331629208,0.5609515619053063,0.5667949711859323,0.6512629988486328,0.773127626075537,0.608507347254447,0.13924220204353333,0.035662611957856964,False
frozen,random_probe,0.1,62,runs/phase2/frozen_control_random_probe_f0.1_s62_lr0.001,0.7975311965881265,0.5825672170527791,0.5780401250877207,0.634688717956938,0.8055413699111519,0.6238680465717982,0.1352427750825882,0.0340698268078095,False
frozen,random_probe,1.0,42,runs/phase2/frozen_control_random_probe_f1_s42_lr0.001,0.8288793528589915,0.6236255636025717,0.6136016759327758,0.6691367797899057,0.825920765357694,0.6578474603952311,0.12456221133470535,0.02726042417358811,False
frozen,random_probe,1.0,52,runs/phase2/frozen_control_random_probe_f1_s52_lr0.001,0.8259559933949212,0.6263573833448046,0.6048387944838848,0.6481924231153574,0.826547533905069,0.6508172362555721,0.12651056051254272,0.029681109061483656,False
frozen,random_probe,1.0,62,runs/phase2/frozen_control_random_probe_f1_s62_lr0.001,0.8366749195643448,0.6398611214431725,0.6189024699192086,0.7220551168656066,0.7973005727195958,0.6558641975308642,0.12206680327653885,0.02694386820946721,False
equal_search,scratch,0.01,42,runs/phase2/search_scratch_f0.01_s42_lr0.0001,0.827309346400854,0.6102994832808225,0.5989885842646312,0.7093982305690313,0.7882333483550586,0.6372819100091828,0.1363043189048767,0.09311205088001252,False
equal_search,scratch,0.01,52,runs/phase2/repeat_scratch_f0.01_s52_lr0.0001,0.8090888398941722,0.5698822648503201,0.5719575914690017,0.6718290383605785,0.7764626642988322,0.615714504518303,0.14416508376598358,0.08967273684427404,False
equal_search,scratch,0.01,62,runs/phase2/repeat_scratch_f0.01_s62_lr0.0001,0.8053894419508904,0.5863927700197222,0.5697490306359663,0.6593158255377094,0.783800107685886,0.6164362280565481,0.1458268016576767,0.09587586657925268,False
equal_search,pretrained,0.01,42,runs/phase2/search_pretrained_f0.01_s42_lr0.001,0.8592750952014573,0.6805706951912943,0.6391603973762238,0.7313202888115848,0.8272826444121094,0.6850480541988341,0.11253295838832855,0.052235266842307095,False
equal_search,pretrained,0.01,52,runs/phase2/repeat_pretrained_f0.01_s52_lr0.001,0.866557903566987,0.6855153222680296,0.6540368221682681,0.701898030543047,0.8589215181351315,0.7070774354704413,0.10844054818153381,0.04751400637619053,False
equal_search,pretrained,0.01,62,runs/phase2/repeat_pretrained_f0.01_s62_lr0.001,0.8676790364823589,0.6925142520064471,0.6579302732620418,0.6920353619425936,0.8708904393559503,0.7084255319148937,0.12519635260105133,0.11167993473097944,False
equal_search,xresnet1d101,0.01,42,runs/phase2/search_xresnet1d101_f0.01_s42_lr0.001,0.805251145416967,0.5851260559313235,0.5904441336460011,0.7036332538938941,0.7836040688915912,0.6271883087227889,0.16728726029396057,0.14804020297296683,False
equal_search,xresnet1d101,0.01,52,runs/phase2/repeat_xresnet1d101_f0.01_s52_lr0.001,0.7927257522455398,0.5654855870298566,0.5619598582637586,0.6257805044838968,0.8120856443216617,0.6101364522417154,0.1677100658416748,0.1420812258685044,False
equal_search,xresnet1d101,0.01,62,runs/phase2/repeat_xresnet1d101_f0.01_s62_lr0.001,0.8015524057844846,0.5871263126062211,0.584355628443691,0.6884323481698666,0.7850432920087875,0.6254992319508449,0.16194632649421692,0.13204789650820686,False
equal_search,scratch,1.0,42,runs/phase2/search_scratch_f1_s42_lr0.001,0.9149204174798488,0.7906807544307014,0.7255491193089956,0.7285335985493893,0.9062732158142779,0.7664310954063605,0.08744926005601883,0.035677267086240735,False
equal_search,scratch,1.0,52,runs/phase2/repeat_scratch_f1_s52_lr0.001,0.915669960353416,0.790799813006891,0.7215328095953258,0.7488071594848746,0.8972305163127967,0.7616580310880829,0.08816049247980118,0.038456200031119984,False
equal_search,scratch,1.0,62,runs/phase2/repeat_scratch_f1_s62_lr0.001,0.9114049404087471,0.7853213402415455,0.7229401628575027,0.7534137798997401,0.8911803533726145,0.7634684453565931,0.0888054370880127,0.03656351238737734,False
equal_search,pretrained,1.0,42,runs/phase2/search_pretrained_f1_s42_lr0.0001,0.9273793268704796,0.8210759218627715,0.7464059044422566,0.7942916502290471,0.8934834262996126,0.7818610923803102,0.07994069904088974,0.02537975717090809,False
equal_search,pretrained,1.0,52,runs/phase2/repeat_pretrained_f1_s52_lr0.0001,0.9270817387360015,0.8184157308518113,0.7405571720478472,0.7879405574571219,0.8888229738893791,0.779939617577994,0.08162643015384674,0.03448156332312302,False
equal_search,pretrained,1.0,62,runs/phase2/repeat_pretrained_f1_s62_lr0.0001,0.9251516526559579,0.8181462023533503,0.7483483411733685,0.774943611100326,0.9071953129024803,0.786579038395019,0.07915306091308594,0.018253343223151343,False
equal_search,xresnet1d101,1.0,42,runs/phase2/search_xresnet1d101_f1_s42_lr0.001,0.9141392100307065,0.7922100851760224,0.7293537906319807,0.7903367899006127,0.8757756443672831,0.7650363516192994,0.08780770748853683,0.02845748754112918,False
equal_search,xresnet1d101,1.0,52,runs/phase2/repeat_xresnet1d101_f1_s52_lr0.001,0.9177222432579464,0.7959871299452428,0.7289945210787605,0.7785359490176502,0.8851522858769872,0.76703591809332,0.0868014320731163,0.03628850999280493,False
equal_search,xresnet1d101,1.0,62,runs/phase2/repeat_xresnet1d101_f1_s62_lr0.001,0.9173059795316254,0.7965464529994299,0.7192681371892534,0.7635121462517375,0.8890532335164074,0.7572617632070664,0.08721157908439636,0.03605230276777553,False
fixed_full,scratch,1.0,42,runs/scratch_f1_s42,0.9076873274718625,0.775607696077109,0.7114999260928503,0.7467376551988336,0.886124770141746,0.7573442010528103,0.09099894016981125,0.034764236385784734,True
fixed_full,pretrained,1.0,42,runs/pretrained_f1_s42,0.9273793268704796,0.8210759218627715,0.7464059044422566,0.7942916502290471,0.8934834262996126,0.7818610923803102,0.07994069904088974,0.02537975717090809,True
fixed_full,linear_probe,1.0,42,runs/linear_probe_f1_s42,0.9207472564627803,0.8052689942264297,0.7360647428593722,0.7993646881239718,0.8762049295036528,0.7708539399934059,0.08344937860965729,0.02089046794339407,True
frozen,linear_probe,0.05,42,runs/linear_probe_f0.05_s42,0.895050625194792,0.7533213516399077,0.7038622076114531,0.7384096112475441,0.886790816977779,0.7446954140999316,0.09424415230751038,0.028946590757617196,True
frozen,linear_probe,0.05,52,runs/linear_probe_f0.05_s52,0.898351099141719,0.7612321254470436,0.6964070074901836,0.7321382993487423,0.8801696025262669,0.7421981004070556,0.09352069348096848,0.026056697428661492,True
frozen,linear_probe,0.05,62,runs/linear_probe_f0.05_s62,0.9023238632694772,0.7666221015716429,0.7134601439122192,0.7256125884079578,0.9010543955321969,0.7567472835611637,0.09226076304912567,0.026381691278021462,True
frozen,linear_probe,0.1,42,runs/linear_probe_f0.1_s42,0.9047569375872264,0.7687907193195282,0.7112028186890264,0.7582655495402015,0.8844686767300886,0.7491118254102521,0.0902913436293602,0.025089953559950563,True
frozen,linear_probe,0.1,52,runs/linear_probe_f0.1_s52,0.9079723396809486,0.7771070724583863,0.7128804535707625,0.7547285370024892,0.8887293102614431,0.751618398637138,0.09022662788629532,0.026576631039767713,True
frozen,linear_probe,0.1,62,runs/linear_probe_f0.1_s62,0.9084162525240075,0.7789969741049442,0.7108909006341788,0.7272250219706313,0.899285798678563,0.7538004543071816,0.08984211087226868,0.025586403332705905,True
frozen,linear_probe,1.0,42,runs/linear_probe_f1_s42,0.9207472564627803,0.8052689942264297,0.7360647428593722,0.7993646881239718,0.8762049295036528,0.7708539399934059,0.08344937860965729,0.02089046794339407,True
