group,model,fraction,seed,run,label,auroc,auprc,f1,sensitivity,specificity,positives,n
fixed_full,scratch,1.0,52,runs/phase2/replication_scratch_f1_s52_lr0.0001,NORM,0.9353076378298291,0.909274853435822,0.8524904214559387,0.9241952232606438,0.803347280334728,963,2158
fixed_full,scratch,1.0,52,runs/phase2/replication_scratch_f1_s52_lr0.0001,MI,0.9119216417910447,0.8066487342923525,0.713678844519966,0.7636363636363637,0.871268656716418,550,2158
fixed_full,scratch,1.0,52,runs/phase2/replication_scratch_f1_s52_lr0.0001,STTC,0.9302214739053815,0.8099646438143451,0.7502270663033606,0.7927063339731286,0.8979841172877214,521,2158
fixed_full,scratch,1.0,52,runs/phase2/replication_scratch_f1_s52_lr0.0001,CD,0.9198631167268351,0.8372295227201185,0.7483588621444202,0.6895161290322581,0.9542719614921781,496,2158
fixed_full,scratch,1.0,52,runs/phase2/replication_scratch_f1_s52_lr0.0001,HYP,0.8299704882919444,0.4836619677894506,0.47547169811320755,0.48091603053435117,0.9251054852320675,262,2158
fixed_full,scratch,1.0,62,runs/phase2/replication_scratch_f1_s62_lr0.0001,NORM,0.9345559770069997,0.904569752333364,0.8502369668246446,0.9314641744548287,0.7907949790794979,963,2158
fixed_full,scratch,1.0,62,runs/phase2/replication_scratch_f1_s62_lr0.0001,MI,0.9165015829941203,0.8097225385783039,0.7348754448398577,0.7509090909090909,0.8998756218905473,550,2158
fixed_full,scratch,1.0,62,runs/phase2/replication_scratch_f1_s62_lr0.0001,STTC,0.9345227975429048,0.8334941665560088,0.7695035460992907,0.8330134357005758,0.8943188759926696,521,2158
fixed_full,scratch,1.0,62,runs/phase2/replication_scratch_f1_s62_lr0.0001,CD,0.9155385078219013,0.8341474765219689,0.732824427480916,0.6774193548387096,0.9488567990373045,496,2158
fixed_full,scratch,1.0,62,runs/phase2/replication_scratch_f1_s62_lr0.0001,HYP,0.825148162463362,0.49681576609135264,0.4935483870967742,0.583969465648855,0.8918776371308017,262,2158
fixed_full,pretrained,1.0,52,runs/phase2/replication_pretrained_f1_s52_lr0.0001,NORM,0.9484847299886598,0.9263706178466813,0.8643503093764874,0.9428868120456906,0.8075313807531381,963,2158
fixed_full,pretrained,1.0,52,runs/phase2/replication_pretrained_f1_s52_lr0.0001,MI,0.9392209407507915,0.8700553331667764,0.7793594306049823,0.7963636363636364,0.9154228855721394,550,2158
fixed_full,pretrained,1.0,52,runs/phase2/replication_pretrained_f1_s52_lr0.0001,STTC,0.9351582936343692,0.8289040171819757,0.7565290648694187,0.8618042226487524,0.8674404398289554,521,2158
fixed_full,pretrained,1.0,52,runs/phase2/replication_pretrained_f1_s52_lr0.0001,CD,0.937789318155351,0.8689041051599898,0.7715736040609137,0.7661290322580645,0.9344163658243081,496,2158
fixed_full,pretrained,1.0,52,runs/phase2/replication_pretrained_f1_s52_lr0.0001,HYP,0.8747554111508358,0.5978445809036333,0.5309734513274337,0.5725190839694656,0.9193037974683544,262,2158
fixed_full,pretrained,1.0,62,runs/phase2/replication_pretrained_f1_s62_lr0.0001,NORM,0.9499684997632052,0.9302719473361045,0.8714144411473789,0.9148494288681205,0.8510460251046025,963,2158
fixed_full,pretrained,1.0,62,runs/phase2/replication_pretrained_f1_s62_lr0.0001,MI,0.9412211668928087,0.8681093312822312,0.7784753363228699,0.7890909090909091,0.9185323383084577,550,2158
fixed_full,pretrained,1.0,62,runs/phase2/replication_pretrained_f1_s62_lr0.0001,STTC,0.9395428649148705,0.8410879151868433,0.7748878923766817,0.8291746641074856,0.9010384850335981,521,2158
fixed_full,pretrained,1.0,62,runs/phase2/replication_pretrained_f1_s62_lr0.0001,CD,0.933493216490043,0.8684596198321566,0.7906482465462275,0.75,0.9560770156438027,496,2158
fixed_full,pretrained,1.0,62,runs/phase2/replication_pretrained_f1_s62_lr0.0001,HYP,0.8615325152188616,0.5828021981294159,0.5263157894736842,0.5916030534351145,0.9092827004219409,262,2158
fixed_full,linear_probe,1.0,52,runs/phase2/replication_linear_probe_f1_s52_lr0.001,NORM,0.943597631182193,0.9176548030924996,0.8564231738035264,0.8826583592938733,0.8560669456066946,963,2158
fixed_full,linear_probe,1.0,52,runs/phase2/replication_linear_probe_f1_s52_lr0.001,MI,0.926387946630484,0.844120266540788,0.7565674255691769,0.7854545454545454,0.900497512437811,550,2158
fixed_full,linear_probe,1.0,52,runs/phase2/replication_linear_probe_f1_s52_lr0.001,STTC,0.9325699954389671,0.8173168758381768,0.7639405204460966,0.7888675623800384,0.9120342089187539,521,2158
fixed_full,linear_probe,1.0,52,runs/phase2/replication_linear_probe_f1_s52_lr0.001,CD,0.9304138280734443,0.8551119831368197,0.768409818569904,0.7258064516129032,0.9512635379061372,496,2158
fixed_full,linear_probe,1.0,52,runs/phase2/replication_linear_probe_f1_s52_lr0.001,HYP,0.8665964102811867,0.5874854896234257,0.5348101265822784,0.6450381679389313,0.8939873417721519,262,2158
frozen,linear_probe,1.0,52,runs/phase2/replication_linear_probe_f1_s52_lr0.001,NORM,0.943597631182193,0.9176548030924996,0.8564231738035264,0.8826583592938733,0.8560669456066946,963,2158
frozen,linear_probe,1.0,52,runs/phase2/replication_linear_probe_f1_s52_lr0.001,MI,0.926387946630484,0.844120266540788,0.7565674255691769,0.7854545454545454,0.900497512437811,550,2158
frozen,linear_probe,1.0,52,runs/phase2/replication_linear_probe_f1_s52_lr0.001,STTC,0.9325699954389671,0.8173168758381768,0.7639405204460966,0.7888675623800384,0.9120342089187539,521,2158
frozen,linear_probe,1.0,52,runs/phase2/replication_linear_probe_f1_s52_lr0.001,CD,0.9304138280734443,0.8551119831368197,0.768409818569904,0.7258064516129032,0.9512635379061372,496,2158
frozen,linear_probe,1.0,52,runs/phase2/replication_linear_probe_f1_s52_lr0.001,HYP,0.8665964102811867,0.5874854896234257,0.5348101265822784,0.6450381679389313,0.8939873417721519,262,2158
fixed_full,linear_probe,1.0,62,runs/phase2/replication_linear_probe_f1_s62_lr0.001,NORM,0.9433873399462107,0.9167153108793064,0.862953995157385,0.9252336448598131,0.8234309623430962,963,2158
fixed_full,linear_probe,1.0,62,runs/phase2/replication_linear_probe_f1_s62_lr0.001,MI,0.9264128222523745,0.8440749147581017,0.7491166077738516,0.7709090909090909,0.9017412935323383,550,2158
fixed_full,linear_probe,1.0,62,runs/phase2/replication_linear_probe_f1_s62_lr0.001,STTC,0.9335179633171018,0.8210942959774573,0.7667910447761194,0.7888675623800384,0.9144777031154551,521,2158
fixed_full,linear_probe,1.0,62,runs/phase2/replication_linear_probe_f1_s62_lr0.001,CD,0.9316372132293,0.8585023850122364,0.7726787620064034,0.7298387096774194,0.9524669073405535,496,2158
fixed_full,linear_probe,1.0,62,runs/phase2/replication_linear_probe_f1_s62_lr0.001,HYP,0.8667806068219152,0.5808654787867221,0.5239616613418531,0.6259541984732825,0.8945147679324894,262,2158
frozen,linear_probe,1.0,62,runs/phase2/replication_linear_probe_f1_s62_lr0.001,NORM,0.9433873399462107,0.9167153108793064,0.862953995157385,0.9252336448598131,0.8234309623430962,963,2158
frozen,linear_probe,1.0,62,runs/phase2/replication_linear_probe_f1_s62_lr0.001,MI,0.9264128222523745,0.8440749147581017,0.7491166077738516,0.7709090909090909,0.9017412935323383,550,2158
frozen,linear_probe,1.0,62,runs/phase2/replication_linear_probe_f1_s62_lr0.001,STTC,0.9335179633171018,0.8210942959774573,0.7667910447761194,0.7888675623800384,0.9144777031154551,521,2158
frozen,linear_probe,1.0,62,runs/phase2/replication_linear_probe_f1_s62_lr0.001,CD,0.9316372132293,0.8585023850122364,0.7726787620064034,0.7298387096774194,0.9524669073405535,496,2158
frozen,linear_probe,1.0,62,runs/phase2/replication_linear_probe_f1_s62_lr0.001,HYP,0.8667806068219152,0.5808654787867221,0.5239616613418531,0.6259541984732825,0.8945147679324894,262,2158
frozen,random_probe,0.05,42,runs/phase2/frozen_control_random_probe_f0.05_s42_lr0.001,NORM,0.8130810707473595,0.7241296662861283,0.7375946173254836,0.9106957424714434,0.5497907949790795,963,2158
frozen,random_probe,0.05,42,runs/phase2/frozen_control_random_probe_f0.05_s42_lr0.001,MI,0.8059170058796925,0.5894835112352645,0.5882352941176471,0.7,0.7674129353233831,550,2158
frozen,random_probe,0.05,42,runs/phase2/frozen_control_random_probe_f0.05_s42_lr0.001,STTC,0.6999391471454852,0.4415918608349131,0.47619047619047616,0.5566218809980806,0.7513744654856445,521,2158
frozen,random_probe,0.05,42,runs/phase2/frozen_control_random_probe_f0.05_s42_lr0.001,CD,0.8160057839369589,0.6614670004392846,0.6207674943566591,0.5544354838709677,0.9308062575210589,496,2158
frozen,random_probe,0.05,42,runs/phase2/frozen_control_random_probe_f0.05_s42_lr0.001,HYP,0.6904411054208136,0.2652039422119334,0.31746031746031744,0.3816793893129771,0.8586497890295358,262,2158
frozen,random_probe,0.05,52,runs/phase2/frozen_control_random_probe_f0.05_s52_lr0.001,NORM,0.801639750257433,0.7167288079405518,0.7259512612227448,0.881619937694704,0.5589958158995816,963,2158
frozen,random_probe,0.05,52,runs/phase2/frozen_control_random_probe_f0.05_s52_lr0.001,MI,0.7976899592944368,0.5497744593713141,0.568793235972329,0.6727272727272727,0.7630597014925373,550,2158
frozen,random_probe,0.05,52,runs/phase2/frozen_control_random_probe_f0.05_s52_lr0.001,STTC,0.713178453633994,0.43378711522736646,0.48362369337979094,0.6660268714011516,0.6536346976175932,521,2158
frozen,random_probe,0.05,52,runs/phase2/frozen_control_random_probe_f0.05_s52_lr0.001,CD,0.8332987607235744,0.671813151749447,0.6150753768844222,0.6169354838709677,0.8838748495788207,496,2158
frozen,random_probe,0.05,52,runs/phase2/frozen_control_random_probe_f0.05_s52_lr0.001,HYP,0.7166563999742327,0.2881603823656078,0.34516523867809057,0.5381679389312977,0.7816455696202531,262,2158
frozen,random_probe,0.05,62,runs/phase2/frozen_control_random_probe_f0.05_s62_lr0.001,NORM,0.8177639611221904,0.7396452306866742,0.7357980162308386,0.8473520249221184,0.6326359832635984,963,2158
frozen,random_probe,0.05,62,runs/phase2/frozen_control_random_probe_f0.05_s62_lr0.001,MI,0.8118294889190412,0.5959992219169792,0.5893566322478158,0.6745454545454546,0.7898009950248757,550,2158
frozen,random_probe,0.05,62,runs/phase2/frozen_control_random_probe_f0.05_s62_lr0.001,STTC,0.7329351125660558,0.4752420247048306,0.48989113530326595,0.6046065259117083,0.7251069028711057,521,2158
frozen,random_probe,0.05,62,runs/phase2/frozen_control_random_probe_f0.05_s62_lr0.001,CD,0.8149394918675517,0.6518411431325101,0.6088794926004228,0.5806451612903226,0.9025270758122743,496,2158
frozen,random_probe,0.05,62,runs/phase2/frozen_control_random_probe_f0.05_s62_lr0.001,HYP,0.7203071150191646,0.3240072914646427,0.35511713933415534,0.549618320610687,0.7863924050632911,262,2158
frozen,random_probe,0.1,42,runs/phase2/frozen_control_random_probe_f0.1_s42_lr0.001,NORM,0.8319286400152939,0.7559104632049265,0.7469986660738106,0.8722741433021807,0.6267782426778242,963,2158
frozen,random_probe,0.1,42,runs/phase2/frozen_control_random_probe_f0.1_s42_lr0.001,MI,0.8152459294436906,0.5968320939628118,0.602952602952603,0.7054545454545454,0.7829601990049752,550,2158
frozen,random_probe,0.1,42,runs/phase2/frozen_control_random_probe_f0.1_s42_lr0.001,STTC,0.7412540143537696,0.496905599170685,0.49869678540399653,0.5508637236084453,0.790470372632865,521,2158
frozen,random_probe,0.1,42,runs/phase2/frozen_control_random_probe_f0.1_s42_lr0.001,CD,0.8314294136485386,0.6824883055895352,0.6245772266065389,0.5584677419354839,0.9314079422382672,496,2158
frozen,random_probe,0.1,42,runs/phase2/frozen_control_random_probe_f0.1_s42_lr0.001,HYP,0.7156991818855285,0.2875666627082436,0.3648881239242685,0.40458015267175573,0.8876582278481012,262,2158
frozen,random_probe,0.1,52,runs/phase2/frozen_control_random_probe_f0.1_s52_lr0.001,NORM,0.8192485998687853,0.7491933203438915,0.735881841876629,0.8795430944963655,0.5882845188284519,963,2158
frozen,random_probe,0.1,52,runs/phase2/frozen_control_random_probe_f0.1_s52_lr0.001,MI,0.8059627996381726,0.5792383511818828,0.5768357305071915,0.6927272727272727,0.7574626865671642,550,2158
frozen,random_probe,0.1,52,runs/phase2/frozen_control_random_probe_f0.1_s52_lr0.001,STTC,0.7464012981942296,0.46569987563732695,0.5111821086261981,0.6142034548944337,0.7489309712889431,521,2158
frozen,random_probe,0.1,52,runs/phase2/frozen_control_random_probe_f0.1_s52_lr0.001,CD,0.8407537071542255,0.6857291729726573,0.6248671625929861,0.592741935483871,0.9091456077015644,496,2158
frozen,random_probe,0.1,52,runs/phase2/frozen_control_random_probe_f0.1_s52_lr0.001,HYP,0.7341842609591909,0.32489708939077305,0.3852080123266564,0.4770992366412214,0.8618143459915611,262,2158
frozen,random_probe,0.1,62,runs/phase2/frozen_control_random_probe_f0.1_s62_lr0.001,NORM,0.8366393374957095,0.7655254739281516,0.7476979742173112,0.8431983385254413,0.6677824267782427,963,2158
frozen,random_probe,0.1,62,runs/phase2/frozen_control_random_probe_f0.1_s62_lr0.001,MI,0.8198303934871098,0.6111495148379243,0.6001478196600147,0.7381818181818182,0.7531094527363185,550,2158
frozen,random_probe,0.1,62,runs/phase2/frozen_control_random_probe_f0.1_s62_lr0.001,STTC,0.7727298309134846,0.5263189019670089,0.5352591333899746,0.6046065259117083,0.7916921197312157,521,2158
frozen,random_probe,0.1,62,runs/phase2/frozen_control_random_probe_f0.1_s62_lr0.001,CD,0.8266274601141259,0.6710581057935349,0.614572333685322,0.5866935483870968,0.9037304452466908,496,2158
frozen,random_probe,0.1,62,runs/phase2/frozen_control_random_probe_f0.1_s62_lr0.001,HYP,0.7318289609302027,0.33878408873727556,0.3925233644859813,0.40076335877862596,0.9113924050632911,262,2158
frozen,random_probe,1.0,42,runs/phase2/frozen_control_random_probe_f1_s42_lr0.001,NORM,0.8715007581781132,0.8258044919793702,0.7826887661141805,0.8826583592938733,0.699581589958159,963,2158
frozen,random_probe,1.0,42,runs/phase2/frozen_control_random_probe_f1_s42_lr0.001,MI,0.8418176164631389,0.6515980452101278,0.6220408163265306,0.6927272727272727,0.8171641791044776,550,2158
frozen,random_probe,1.0,42,runs/phase2/frozen_control_random_probe_f1_s42_lr0.001,STTC,0.8142264359339036,0.5677950697718055,0.5972108285479901,0.6986564299424184,0.7959682345754429,521,2158
frozen,random_probe,1.0,42,runs/phase2/frozen_control_random_probe_f1_s42_lr0.001,CD,0.8468057334730794,0.7012599019296586,0.6432491767288694,0.5907258064516129,0.9265944645006017,496,2158
frozen,random_probe,1.0,42,runs/phase2/frozen_control_random_probe_f1_s42_lr0.001,HYP,0.7700462202467228,0.37167030912189686,0.4228187919463087,0.48091603053435117,0.890295358649789,262,2158
frozen,random_probe,1.0,52,runs/phase2/frozen_control_random_probe_f1_s52_lr0.001,NORM,0.8662951811154993,0.8182823132052679,0.7676216462028195,0.8764278296988577,0.6719665271966527,963,2158
frozen,random_probe,1.0,52,runs/phase2/frozen_control_random_probe_f1_s52_lr0.001,MI,0.8394832654907283,0.6476466007019502,0.6050129645635264,0.6363636363636364,0.8401741293532339,550,2158
frozen,random_probe,1.0,52,runs/phase2/frozen_control_random_probe_f1_s52_lr0.001,STTC,0.7978225465102236,0.5595474430555157,0.5835370823145885,0.6871401151631478,0.7874160048869884,521,2158
frozen,random_probe,1.0,52,runs/phase2/frozen_control_random_probe_f1_s52_lr0.001,CD,0.852885660494546,0.7141017005324051,0.6574761399787911,0.625,0.9175691937424789,496,2158
frozen,random_probe,1.0,52,runs/phase2/frozen_control_random_probe_f1_s52_lr0.001,HYP,0.77329331336361,0.3922088592288835,0.4105461393596987,0.41603053435114506,0.9156118143459916,262,2158
frozen,random_probe,1.0,62,runs/phase2/frozen_control_random_probe_f1_s62_lr0.001,NORM,0.8768206050652381,0.8303634156435232,0.78125,0.8826583592938733,0.6962343096234309,963,2158
frozen,random_probe,1.0,62,runs/phase2/frozen_control_random_probe_f1_s62_lr0.001,MI,0.8411256218905473,0.6577493043489725,0.6306306306306306,0.7,0.822139303482587,550,2158
frozen,random_probe,1.0,62,runs/phase2/frozen_control_random_probe_f1_s62_lr0.001,STTC,0.8394885780716328,0.6132373210719895,0.5984251968503937,0.8023032629558541,0.7202199144777031,521,2158
frozen,random_probe,1.0,62,runs/phase2/frozen_control_random_probe_f1_s62_lr0.001,CD,0.8512443713365163,0.7098320306198838,0.6584362139917695,0.6451612903225806,0.9061371841155235,496,2158
frozen,random_probe,1.0,62,runs/phase2/frozen_control_random_probe_f1_s62_lr0.001,HYP,0.7746954214577898,0.3881235355314937,0.4257703081232493,0.5801526717557252,0.8417721518987342,262,2158
equal_search,scratch,0.01,42,runs/phase2/search_scratch_f0.01_s42_lr0.0001,NORM,0.8790521252883902,0.8314934492230599,0.7848568790397045,0.8826583592938733,0.704602510460251,963,2158
equal_search,scratch,0.01,42,runs/phase2/search_scratch_f0.01_s42_lr0.0001,MI,0.8094012890094979,0.5886848692350787,0.5905205905205905,0.6909090909090909,0.7779850746268657,550,2158
equal_search,scratch,0.01,42,runs/phase2/search_scratch_f0.01_s42_lr0.0001,STTC,0.8561099666188676,0.634287826135481,0.6306451612903226,0.7504798464491362,0.7996334758704948,521,2158
equal_search,scratch,0.01,42,runs/phase2/search_scratch_f0.01_s42_lr0.0001,CD,0.8351147325414386,0.6953759647205815,0.6150670794633643,0.6008064516129032,0.894705174488568,496,2158
equal_search,scratch,0.01,42,runs/phase2/search_scratch_f0.01_s42_lr0.0001,HYP,0.7568686185460753,0.30165530708991134,0.3738532110091743,0.6221374045801527,0.7642405063291139,262,2158
equal_search,scratch,0.01,52,runs/phase2/repeat_scratch_f0.01_s52_lr0.0001,NORM,0.8678376065033867,0.8021477892231575,0.7762516614975631,0.9096573208722741,0.6502092050209205,963,2158
equal_search,scratch,0.01,52,runs/phase2/repeat_scratch_f0.01_s52_lr0.0001,MI,0.7622727272727272,0.49902939098840715,0.5473684210526316,0.6618181818181819,0.7412935323383084,550,2158
equal_search,scratch,0.01,52,runs/phase2/repeat_scratch_f0.01_s52_lr0.0001,STTC,0.8247795403088605,0.5809488904899791,0.5716814159292035,0.6199616122840691,0.8252901649358583,521,2158
equal_search,scratch,0.01,52,runs/phase2/repeat_scratch_f0.01_s52_lr0.0001,CD,0.8280279540778697,0.6738871699671136,0.6052631578947368,0.6028225806451613,0.8838748495788207,496,2158
equal_search,scratch,0.01,52,runs/phase2/repeat_scratch_f0.01_s52_lr0.0001,HYP,0.7625263713080169,0.2933980835829432,0.3592233009708738,0.5648854961832062,0.7816455696202531,262,2158
equal_search,scratch,0.01,62,runs/phase2/repeat_scratch_f0.01_s62_lr0.0001,NORM,0.8690433052220876,0.8216078636626106,0.7774294670846394,0.90134994807892,0.6635983263598326,963,2158
equal_search,scratch,0.01,62,runs/phase2/repeat_scratch_f0.01_s62_lr0.0001,MI,0.7962969244685663,0.5513976069586333,0.5676077265973254,0.6945454545454546,0.7425373134328358,550,2158
equal_search,scratch,0.01,62,runs/phase2/repeat_scratch_f0.01_s62_lr0.0001,STTC,0.8053488369366275,0.5658513524141872,0.5446880269814502,0.6199616122840691,0.7910812461820403,521,2158
equal_search,scratch,0.01,62,runs/phase2/repeat_scratch_f0.01_s62_lr0.0001,CD,0.8029919257792787,0.6265850726199428,0.5759829968119022,0.5463709677419355,0.8953068592057761,496,2158
equal_search,scratch,0.01,62,runs/phase2/repeat_scratch_f0.01_s62_lr0.0001,HYP,0.753266217347892,0.36652195444323743,0.38303693570451436,0.5343511450381679,0.8264767932489452,262,2158
equal_search,pretrained,0.01,42,runs/phase2/search_pretrained_f0.01_s42_lr0.001,NORM,0.9229591105202101,0.8898208296239855,0.8391261171797418,0.877466251298027,0.8276150627615063,963,2158
equal_search,pretrained,0.01,42,runs/phase2/search_pretrained_f0.01_s42_lr0.001,MI,0.855292853912257,0.6991066045012645,0.6295731707317073,0.7509090909090909,0.7829601990049752,550,2158
equal_search,pretrained,0.01,42,runs/phase2/search_pretrained_f0.01_s42_lr0.001,STTC,0.9025756351736535,0.7323233736235814,0.6854103343465046,0.8656429942418427,0.7898594990836897,521,2158
equal_search,pretrained,0.01,42,runs/phase2/search_pretrained_f0.01_s42_lr0.001,CD,0.8687587341329918,0.7588107070204452,0.7024793388429752,0.6854838709677419,0.9205776173285198,496,2158
equal_search,pretrained,0.01,42,runs/phase2/search_pretrained_f0.01_s42_lr0.001,HYP,0.746789142268174,0.32279196118719483,0.33921302578018997,0.4770992366412214,0.8154008438818565,262,2158
equal_search,pretrained,0.01,52,runs/phase2/repeat_pretrained_f0.01_s52_lr0.001,NORM,0.9230872838975135,0.8860320027257331,0.8412098298676749,0.9241952232606438,0.7799163179916317,963,2158
equal_search,pretrained,0.01,52,runs/phase2/repeat_pretrained_f0.01_s52_lr0.001,MI,0.8793916779737675,0.7386217823073347,0.660245183887916,0.6854545454545454,0.8662935323383084,550,2158
equal_search,pretrained,0.01,52,runs/phase2/repeat_pretrained_f0.01_s52_lr0.001,STTC,0.907801476649036,0.7584572954610919,0.7050847457627119,0.7984644913627639,0.851557727550397,521,2158
equal_search,pretrained,0.01,52,runs/phase2/repeat_pretrained_f0.01_s52_lr0.001,CD,0.8672599811730912,0.7543003144031434,0.6888412017167382,0.6471774193548387,0.9308062575210589,496,2158
equal_search,pretrained,0.01,52,runs/phase2/repeat_pretrained_f0.01_s52_lr0.001,HYP,0.7552490981415273,0.2901652164428449,0.37480314960629924,0.4541984732824427,0.8660337552742616,262,2158
equal_search,pretrained,0.01,62,runs/phase2/repeat_pretrained_f0.01_s62_lr0.001,NORM,0.9222287395125935,0.8910998046303871,0.8339016074037994,0.8888888888888888,0.80418410041841,963,2158
equal_search,pretrained,0.01,62,runs/phase2/repeat_pretrained_f0.01_s62_lr0.001,MI,0.9040801673450927,0.8006012649173389,0.712401055408971,0.7363636363636363,0.8868159203980099,550,2158
equal_search,pretrained,0.01,62,runs/phase2/repeat_pretrained_f0.01_s62_lr0.001,STTC,0.8823423541729932,0.6842208305395101,0.6868686868686869,0.7178502879078695,0.8814905314599878,521,2158
equal_search,pretrained,0.01,62,runs/phase2/repeat_pretrained_f0.01_s62_lr0.001,CD,0.8667565554520399,0.732371936070237,0.6680369989722508,0.655241935483871,0.9085439229843562,496,2158
equal_search,pretrained,0.01,62,runs/phase2/repeat_pretrained_f0.01_s62_lr0.001,HYP,0.7629873659290752,0.3542774238747628,0.3884430176565008,0.4618320610687023,0.8734177215189873,262,2158
equal_search,xresnet1d101,0.01,42,runs/phase2/search_xresnet1d101_f0.01_s42_lr0.001,NORM,0.8684784733899034,0.817117076448715,0.7710727969348659,0.8359293873312564,0.7322175732217573,963,2158
equal_search,xresnet1d101,0.01,42,runs/phase2/search_xresnet1d101_f0.01_s42_lr0.001,MI,0.8063172772501129,0.5811458944615042,0.5906902086677368,0.6690909090909091,0.7960199004975125,550,2158
equal_search,xresnet1d101,0.01,42,runs/phase2/search_xresnet1d101_f0.01_s42_lr0.001,STTC,0.8537673075953509,0.6023083926130732,0.6483084185680567,0.7907869481765835,0.7935247403787417,521,2158
equal_search,xresnet1d101,0.01,42,runs/phase2/search_xresnet1d101_f0.01_s42_lr0.001,CD,0.812326530414192,0.6720179156070929,0.6136576239476146,0.6612903225806451,0.8525872442839952,496,2158
equal_search,xresnet1d101,0.01,42,runs/phase2/search_xresnet1d101_f0.01_s42_lr0.001,HYP,0.6853661384352756,0.25304100052623263,0.32849162011173183,0.5610687022900763,0.7436708860759493,262,2158
equal_search,xresnet1d101,0.01,52,runs/phase2/repeat_xresnet1d101_f0.01_s52_lr0.001,NORM,0.8719421959792664,0.80427828438215,0.7952038369304556,0.8608515057113187,0.7548117154811715,963,2158
equal_search,xresnet1d101,0.01,52,runs/phase2/repeat_xresnet1d101_f0.01_s52_lr0.001,MI,0.7624016282225238,0.49597439368621976,0.5063520871143375,0.5072727272727273,0.8302238805970149,550,2158
equal_search,xresnet1d101,0.01,52,runs/phase2/repeat_xresnet1d101_f0.01_s52_lr0.001,STTC,0.8447062120329192,0.6364370765288214,0.6079593564775614,0.6890595009596929,0.8161270616982285,521,2158
equal_search,xresnet1d101,0.01,52,runs/phase2/repeat_xresnet1d101_f0.01_s52_lr0.001,CD,0.7912699914599587,0.6346703344588944,0.5726141078838174,0.5564516129032258,0.8844765342960289,496,2158
equal_search,xresnet1d101,0.01,52,runs/phase2/repeat_xresnet1d101_f0.01_s52_lr0.001,HYP,0.6933087335330306,0.25606784609319744,0.3276699029126214,0.5152671755725191,0.7747890295358649,262,2158
equal_search,xresnet1d101,0.01,62,runs/phase2/repeat_xresnet1d101_f0.01_s62_lr0.001,NORM,0.8721281559978623,0.8093784246351542,0.7867513611615246,0.9003115264797508,0.6870292887029289,963,2158
equal_search,xresnet1d101,0.01,62,runs/phase2/repeat_xresnet1d101_f0.01_s62_lr0.001,MI,0.8051990049751243,0.5914968724280719,0.5842868039664378,0.6963636363636364,0.7649253731343284,550,2158
equal_search,xresnet1d101,0.01,62,runs/phase2/repeat_xresnet1d101_f0.01_s62_lr0.001,STTC,0.8208967998902538,0.6165677040057134,0.6008888888888889,0.6487523992322457,0.8375076359193647,521,2158
equal_search,xresnet1d101,0.01,62,runs/phase2/repeat_xresnet1d101_f0.01_s62_lr0.001,CD,0.7955691258103335,0.6267100524961127,0.5876288659793815,0.5745967741935484,0.8862815884476535,496,2158
equal_search,xresnet1d101,0.01,62,runs/phase2/repeat_xresnet1d101_f0.01_s62_lr0.001,HYP,0.7139689422488487,0.2914785094660529,0.3622222222222222,0.6221374045801527,0.7494725738396625,262,2158
equal_search,scratch,1.0,42,runs/phase2/search_scratch_f1_s42_lr0.001,NORM,0.9420960474806328,0.920042571497412,0.8527430221366699,0.9200415368639667,0.80836820083682,963,2158
equal_search,scratch,1.0,42,runs/phase2/search_scratch_f1_s42_lr0.001,MI,0.9284136137494347,0.8423436809067268,0.7420289855072464,0.6981818181818182,0.9371890547263682,550,2158
equal_search,scratch,1.0,42,runs/phase2/search_scratch_f1_s42_lr0.001,STTC,0.9329598523585464,0.8129980703164943,0.7586837294332724,0.7965451055662188,0.9034819792302994,521,2158
equal_search,scratch,1.0,42,runs/phase2/search_scratch_f1_s42_lr0.001,CD,0.9159885582857807,0.8373475956558453,0.7429805615550756,0.6935483870967742,0.9482551143200962,496,2158
equal_search,scratch,1.0,42,runs/phase2/search_scratch_f1_s42_lr0.001,HYP,0.8551440155248495,0.540671853777029,0.5313092979127134,0.5343511450381679,0.9340717299578059,262,2158
equal_search,scratch,1.0,52,runs/phase2/repeat_scratch_f1_s52_lr0.001,NORM,0.9442115599351748,0.9254964797302758,0.852882703777336,0.8909657320872274,0.8401673640167364,963,2158
equal_search,scratch,1.0,52,runs/phase2/repeat_scratch_f1_s52_lr0.001,MI,0.927792853912257,0.8333243089750332,0.7421944692239072,0.7563636363636363,0.9036069651741293,550,2158
equal_search,scratch,1.0,52,runs/phase2/repeat_scratch_f1_s52_lr0.001,STTC,0.9341417343884287,0.8276510141265723,0.7629233511586453,0.8214971209213052,0.8943188759926696,521,2158
equal_search,scratch,1.0,52,runs/phase2/repeat_scratch_f1_s52_lr0.001,CD,0.9161104722254572,0.8380273933243805,0.750524109014675,0.7217741935483871,0.9398315282791817,496,2158
equal_search,scratch,1.0,52,runs/phase2/repeat_scratch_f1_s52_lr0.001,HYP,0.8560931813057622,0.5294998688781929,0.4991394148020654,0.5534351145038168,0.9082278481012658,262,2158
equal_search,scratch,1.0,62,runs/phase2/repeat_scratch_f1_s62_lr0.001,NORM,0.9397363538801774,0.9195768849863464,0.853219696969697,0.9356178608515057,0.792468619246862,963,2158
equal_search,scratch,1.0,62,runs/phase2/repeat_scratch_f1_s62_lr0.001,MI,0.9245194482134782,0.8351206181511126,0.7437722419928826,0.76,0.9029850746268657,550,2158
equal_search,scratch,1.0,62,runs/phase2/repeat_scratch_f1_s62_lr0.001,STTC,0.9313822508990159,0.8156991986536908,0.7586206896551724,0.781190019193858,0.9114233353695785,521,2158
equal_search,scratch,1.0,62,runs/phase2/repeat_scratch_f1_s62_lr0.001,CD,0.9155178855634487,0.8309683514492009,0.7582534611288605,0.717741935483871,0.9476534296028881,496,2158
equal_search,scratch,1.0,62,runs/phase2/repeat_scratch_f1_s62_lr0.001,HYP,0.8458687634876155,0.5252416479673769,0.5008347245409015,0.5725190839694656,0.9013713080168776,262,2158
equal_search,pretrained,1.0,42,runs/phase2/search_pretrained_f1_s42_lr0.0001,NORM,0.950882223873269,0.9320203537339995,0.8661108386463953,0.9169262720664589,0.8384937238493724,963,2158
equal_search,pretrained,1.0,42,runs/phase2/search_pretrained_f1_s42_lr0.0001,MI,0.9401690411578472,0.8659492843302884,0.764946764946765,0.8490909090909091,0.8731343283582089,550,2158
equal_search,pretrained,1.0,42,runs/phase2/search_pretrained_f1_s42_lr0.0001,STTC,0.9396313888169103,0.8347494783266507,0.7730941704035874,0.8272552783109405,0.9004276114844227,521,2158
equal_search,pretrained,1.0,42,runs/phase2/search_pretrained_f1_s42_lr0.0001,CD,0.9354947886339816,0.8684324102155156,0.7772020725388601,0.7560483870967742,0.9434416365824309,496,2158
equal_search,pretrained,1.0,42,runs/phase2/search_pretrained_f1_s42_lr0.0001,HYP,0.87071919187039,0.6042280827074027,0.5506756756756757,0.6221374045801527,0.9119198312236287,262,2158
equal_search,pretrained,1.0,52,runs/phase2/repeat_pretrained_f1_s52_lr0.0001,NORM,0.9484847299886598,0.9263706178466813,0.8643503093764874,0.9428868120456906,0.8075313807531381,963,2158
equal_search,pretrained,1.0,52,runs/phase2/repeat_pretrained_f1_s52_lr0.0001,MI,0.9392209407507915,0.8700553331667764,0.7793594306049823,0.7963636363636364,0.9154228855721394,550,2158
equal_search,pretrained,1.0,52,runs/phase2/repeat_pretrained_f1_s52_lr0.0001,STTC,0.9351582936343692,0.8289040171819757,0.7565290648694187,0.8618042226487524,0.8674404398289554,521,2158
equal_search,pretrained,1.0,52,runs/phase2/repeat_pretrained_f1_s52_lr0.0001,CD,0.937789318155351,0.8689041051599898,0.7715736040609137,0.7661290322580645,0.9344163658243081,496,2158
equal_search,pretrained,1.0,52,runs/phase2/repeat_pretrained_f1_s52_lr0.0001,HYP,0.8747554111508358,0.5978445809036333,0.5309734513274337,0.5725190839694656,0.9193037974683544,262,2158
equal_search,pretrained,1.0,62,runs/phase2/repeat_pretrained_f1_s62_lr0.0001,NORM,0.9499684997632052,0.9302719473361045,0.8714144411473789,0.9148494288681205,0.8510460251046025,963,2158
equal_search,pretrained,1.0,62,runs/phase2/repeat_pretrained_f1_s62_lr0.0001,MI,0.9412211668928087,0.8681093312822312,0.7784753363228699,0.7890909090909091,0.9185323383084577,550,2158
equal_search,pretrained,1.0,62,runs/phase2/repeat_pretrained_f1_s62_lr0.0001,STTC,0.9395428649148705,0.8410879151868433,0.7748878923766817,0.8291746641074856,0.9010384850335981,521,2158
equal_search,pretrained,1.0,62,runs/phase2/repeat_pretrained_f1_s62_lr0.0001,CD,0.933493216490043,0.8684596198321566,0.7906482465462275,0.75,0.9560770156438027,496,2158
equal_search,pretrained,1.0,62,runs/phase2/repeat_pretrained_f1_s62_lr0.0001,HYP,0.8615325152188616,0.5828021981294159,0.5263157894736842,0.5916030534351145,0.9092827004219409,262,2158
equal_search,xresnet1d101,1.0,42,runs/phase2/search_xresnet1d101_f1_s42_lr0.001,NORM,0.937455736736228,0.9159106285984463,0.8467703913248468,0.9325025960539979,0.7824267782426778,963,2158
equal_search,xresnet1d101,1.0,42,runs/phase2/search_xresnet1d101_f1_s42_lr0.001,MI,0.9253137720488467,0.8400417814993764,0.757071547420965,0.8272727272727273,0.8774875621890548,550,2158
equal_search,xresnet1d101,1.0,42,runs/phase2/search_xresnet1d101_f1_s42_lr0.001,STTC,0.9311940643258054,0.809687754550502,0.7482394366197183,0.8157389635316699,0.8839340256566891,521,2158
equal_search,xresnet1d101,1.0,42,runs/phase2/search_xresnet1d101_f1_s42_lr0.001,CD,0.924285984627926,0.8423688070220554,0.7671794871794871,0.7540322580645161,0.9368231046931408,496,2158
equal_search,xresnet1d101,1.0,42,runs/phase2/search_xresnet1d101_f1_s42_lr0.001,HYP,0.852446492414726,0.5530414542097323,0.5275080906148867,0.6221374045801527,0.8982067510548524,262,2158
equal_search,xresnet1d101,1.0,52,runs/phase2/repeat_xresnet1d101_f1_s52_lr0.001,NORM,0.9415820505133452,0.9185926492548102,0.8591885441527446,0.9345794392523364,0.8058577405857741,963,2158
equal_search,xresnet1d101,1.0,52,runs/phase2/repeat_xresnet1d101_f1_s52_lr0.001,MI,0.9261063998190864,0.8361126783498103,0.7506339814032121,0.8072727272727273,0.8824626865671642,550,2158
equal_search,xresnet1d101,1.0,52,runs/phase2/repeat_xresnet1d101_f1_s52_lr0.001,STTC,0.9375232301961478,0.8344771570521711,0.7608494921514312,0.7907869481765835,0.9083689676237019,521,2158
equal_search,xresnet1d101,1.0,52,runs/phase2/repeat_xresnet1d101_f1_s52_lr0.001,CD,0.9258156709755055,0.8497137393854414,0.760914760914761,0.7379032258064516,0.9398315282791817,496,2158
equal_search,xresnet1d101,1.0,52,runs/phase2/repeat_xresnet1d101_f1_s52_lr0.001,HYP,0.8575838647856475,0.541039425683981,0.5133858267716536,0.6221374045801527,0.8892405063291139,262,2158
equal_search,xresnet1d101,1.0,62,runs/phase2/repeat_xresnet1d101_f1_s62_lr0.001,NORM,0.9387222634983946,0.9151925768872886,0.8585365853658536,0.9138110072689511,0.8267782426778243,963,2158
equal_search,xresnet1d101,1.0,62,runs/phase2/repeat_xresnet1d101_f1_s62_lr0.001,MI,0.9299163274536408,0.8430586098834311,0.7491166077738516,0.7709090909090909,0.9017412935323383,550,2158
equal_search,xresnet1d101,1.0,62,runs/phase2/repeat_xresnet1d101_f1_s62_lr0.001,STTC,0.9380907211708137,0.8309944317168568,0.7693677649154052,0.8291746641074856,0.8961514966401954,521,2158
equal_search,xresnet1d101,1.0,62,runs/phase2/repeat_xresnet1d101_f1_s62_lr0.001,CD,0.9223656884437716,0.842057401030596,0.7278911564625851,0.6471774193548387,0.9608904933814681,496,2158
equal_search,xresnet1d101,1.0,62,runs/phase2/repeat_xresnet1d101_f1_s62_lr0.001,HYP,0.8574348970915066,0.5514292454789773,0.49142857142857144,0.6564885496183206,0.859704641350211,262,2158
fixed_full,scratch,1.0,42,runs/scratch_f1_s42,NORM,0.9395690767606462,0.917514505743122,0.8543876567020251,0.9200415368639667,0.8117154811715481,963,2158
fixed_full,scratch,1.0,42,runs/scratch_f1_s42,MI,0.9199502487562189,0.8122195545703259,0.7345132743362832,0.7545454545454545,0.8973880597014925,550,2158
fixed_full,scratch,1.0,42,runs/scratch_f1_s42,STTC,0.932694280652427,0.8192008176177569,0.7401177460050462,0.8445297504798465,0.8607208307880269,521,2158
fixed_full,scratch,1.0,42,runs/scratch_f1_s42,CD,0.9164719682853927,0.8344065958824269,0.7510373443983402,0.7298387096774194,0.9362214199759326,496,2158
fixed_full,scratch,1.0,42,runs/scratch_f1_s42,HYP,0.8297510629046284,0.49469700657191296,0.4774436090225564,0.4847328244274809,0.92457805907173,262,2158
fixed_full,pretrained,1.0,42,runs/pretrained_f1_s42,NORM,0.950882223873269,0.9320203537339995,0.8661108386463953,0.9169262720664589,0.8384937238493724,963,2158
fixed_full,pretrained,1.0,42,runs/pretrained_f1_s42,MI,0.9401690411578472,0.8659492843302884,0.764946764946765,0.8490909090909091,0.8731343283582089,550,2158
fixed_full,pretrained,1.0,42,runs/pretrained_f1_s42,STTC,0.9396313888169103,0.8347494783266507,0.7730941704035874,0.8272552783109405,0.9004276114844227,521,2158
fixed_full,pretrained,1.0,42,runs/pretrained_f1_s42,CD,0.9354947886339816,0.8684324102155156,0.7772020725388601,0.7560483870967742,0.9434416365824309,496,2158
fixed_full,pretrained,1.0,42,runs/pretrained_f1_s42,HYP,0.87071919187039,0.6042280827074027,0.5506756756756757,0.6221374045801527,0.9119198312236287,262,2158
fixed_full,linear_probe,1.0,42,runs/linear_probe_f1_s42,NORM,0.9440056135594398,0.918447452627216,0.8512206356517734,0.9595015576323987,0.7623430962343096,963,2158
fixed_full,linear_probe,1.0,42,runs/linear_probe_f1_s42,MI,0.9268046132971506,0.8449801764603763,0.7597864768683275,0.7763636363636364,0.9085820895522388,550,2158
fixed_full,linear_probe,1.0,42,runs/linear_probe_f1_s42,STTC,0.9328766047155687,0.8173179655607011,0.7633187772925765,0.8387715930902111,0.885766646304215,521,2158
fixed_full,linear_probe,1.0,42,runs/linear_probe_f1_s42,CD,0.9310373481231319,0.8568943068750544,0.7681307456588355,0.7580645161290323,0.9356197352587244,496,2158
fixed_full,linear_probe,1.0,42,runs/linear_probe_f1_s42,HYP,0.8690121026186104,0.5887050696088011,0.5378670788253478,0.6641221374045801,0.8887130801687764,262,2158
frozen,linear_probe,0.05,42,runs/linear_probe_f0.05_s42,NORM,0.9321641314407122,0.897182975462236,0.8564453125,0.9106957424714434,0.8259414225941423,963,2158
frozen,linear_probe,0.05,42,runs/linear_probe_f0.05_s42,MI,0.908495024875622,0.8115716350232951,0.7217235188509874,0.730909090909091,0.8992537313432836,550,2158
frozen,linear_probe,0.05,42,runs/linear_probe_f0.05_s42,STTC,0.9108534993908852,0.7640405710860989,0.72027373823781,0.8080614203454894,0.8613317043372022,521,2158
frozen,linear_probe,0.05,42,runs/linear_probe_f0.05_s42,CD,0.8920618861845426,0.8074571164042418,0.7184684684684685,0.6431451612903226,0.9560770156438027,496,2158
frozen,linear_probe,0.05,42,runs/linear_probe_f0.05_s42,HYP,0.8316785840821979,0.486354460223666,0.5024,0.5992366412213741,0.8913502109704642,262,2158
frozen,linear_probe,0.05,52,runs/linear_probe_f0.05_s52,NORM,0.9361435889414618,0.9035015731834958,0.8513317191283293,0.9127725856697819,0.8133891213389122,963,2158
frozen,linear_probe,0.05,52,runs/linear_probe_f0.05_s52,MI,0.9039066033469019,0.8038955713231188,0.7046979865771812,0.7636363636363637,0.8619402985074627,550,2158
frozen,linear_probe,0.05,52,runs/linear_probe_f0.05_s52,STTC,0.9143639704201192,0.7780509363895708,0.7264808362369338,0.800383877159309,0.8717165546731827,521,2158
frozen,linear_probe,0.05,52,runs/linear_probe_f0.05_s52,CD,0.9026914473428825,0.8077237081664785,0.7190775681341719,0.6915322580645161,0.9308062575210589,496,2158
frozen,linear_probe,0.05,52,runs/linear_probe_f0.05_s52,HYP,0.8346498856572293,0.512988838172554,0.48044692737430167,0.49236641221374045,0.9229957805907173,262,2158
frozen,linear_probe,0.05,62,runs/linear_probe_f0.05_s62,NORM,0.9350604152817423,0.9039175871513179,0.854043392504931,0.8992731048805815,0.8334728033472804,963,2158
frozen,linear_probe,0.05,62,runs/linear_probe_f0.05_s62,MI,0.9076639529624603,0.8109592690963542,0.7355072463768116,0.7381818181818182,0.9079601990049752,550,2158
frozen,linear_probe,0.05,62,runs/linear_probe_f0.05_s62,STTC,0.9155780962553802,0.78378379823748,0.7347310847766636,0.7735124760076776,0.8943188759926696,521,2158
frozen,linear_probe,0.05,62,runs/linear_probe_f0.05_s62,CD,0.9109458095570825,0.8178088485130567,0.7494646680942184,0.7056451612903226,0.9470517448856799,496,2158
frozen,linear_probe,0.05,62,runs/linear_probe_f0.05_s62,HYP,0.8423710422907205,0.5166410048600054,0.49355432780847147,0.5114503816793893,0.9224683544303798,262,2158
frozen,linear_probe,0.1,42,runs/linear_probe_f0.1_s42,NORM,0.9395477869454328,0.9069324932680606,0.8517412935323383,0.8888888888888888,0.8401673640167364,963,2158
frozen,linear_probe,0.1,42,runs/linear_probe_f0.1_s42,MI,0.917362053369516,0.8231268317716893,0.7429062768701634,0.7854545454545454,0.8874378109452736,550,2158
frozen,linear_probe,0.1,42,runs/linear_probe_f0.1_s42,STTC,0.9163050475039192,0.7661285668192525,0.7304964539007093,0.7907869481765835,0.8808796579108125,521,2158
frozen,linear_probe,0.1,42,runs/linear_probe_f0.1_s42,CD,0.9097297028453866,0.8261506888319655,0.7392670157068063,0.7116935483870968,0.9362214199759326,496,2158
frozen,linear_probe,0.1,42,runs/linear_probe_f0.1_s42,HYP,0.840840097271878,0.5216150159066731,0.4916030534351145,0.6145038167938931,0.8776371308016878,262,2158
frozen,linear_probe,0.1,52,runs/linear_probe_f0.1_s52,NORM,0.9384320268338568,0.9066727380407638,0.856717897868121,0.897196261682243,0.8410041841004184,963,2158
frozen,linear_probe,0.1,52,runs/linear_probe_f0.1_s52,MI,0.9105732700135685,0.8168160382257963,0.7293906810035843,0.74,0.9011194029850746,550,2158
frozen,linear_probe,0.1,52,runs/linear_probe_f0.1_s52,STTC,0.9208918753817961,0.7933263108638449,0.7540687160940326,0.800383877159309,0.8973732437385461,521,2158
frozen,linear_probe,0.1,52,runs/linear_probe_f0.1_s52,CD,0.9198048891735568,0.8347324025418399,0.7355371900826446,0.717741935483871,0.9302045728038508,496,2158
frozen,linear_probe,0.1,52,runs/linear_probe_f0.1_s52,HYP,0.8501596370019647,0.5339878726196865,0.48868778280542985,0.6183206106870229,0.8739451476793249,262,2158
frozen,linear_probe,0.1,62,runs/linear_probe_f0.1_s62,NORM,0.9366706204894919,0.9077929057127326,0.8578431372549019,0.9086188992731049,0.8309623430962343,963,2158
frozen,linear_probe,0.1,62,runs/linear_probe_f0.1_s62,MI,0.9147574626865672,0.8234089545784739,0.7371323529411765,0.7290909090909091,0.9148009950248757,550,2158
frozen,linear_probe,0.1,62,runs/linear_probe_f0.1_s62,STTC,0.9248344134031049,0.7999009193476208,0.7355901189387009,0.7715930902111324,0.8961514966401954,521,2158
frozen,linear_probe,0.1,62,runs/linear_probe_f0.1_s62,CD,0.9172756298280346,0.827926849722065,0.7364939360529217,0.6733870967741935,0.95367027677497,496,2158
frozen,linear_probe,0.1,62,runs/linear_probe_f0.1_s62,HYP,0.8485431362128386,0.5359552411638291,0.48739495798319327,0.5534351145038168,0.9008438818565401,262,2158
frozen,linear_probe,1.0,42,runs/linear_probe_f1_s42,NORM,0.9440056135594398,0.918447452627216,0.8512206356517734,0.9595015576323987,0.7623430962343096,963,2158
frozen,linear_probe,1.0,42,runs/linear_probe_f1_s42,MI,0.9268046132971506,0.8449801764603763,0.7597864768683275,0.7763636363636364,0.9085820895522388,550,2158
frozen,linear_probe,1.0,42,runs/linear_probe_f1_s42,STTC,0.9328766047155687,0.8173179655607011,0.7633187772925765,0.8387715930902111,0.885766646304215,521,2158
frozen,linear_probe,1.0,42,runs/linear_probe_f1_s42,CD,0.9310373481231319,0.8568943068750544,0.7681307456588355,0.7580645161290323,0.9356197352587244,496,2158
frozen,linear_probe,1.0,42,runs/linear_probe_f1_s42,HYP,0.8690121026186104,0.5887050696088011,0.5378670788253478,0.6641221374045801,0.8887130801687764,262,2158
