group,model,fraction,n_seeds,auroc_mean,auroc_sd,auprc_mean,auprc_sd,f1_mean,f1_sd
equal_search,pretrained,0.01,3,0.8645040117502677,0.0045629388511462575,0.6862000898219236,0.0060011513313151105,0.6503758309355112,0.009906018513862936
equal_search,pretrained,1.0,3,0.9265375727541464,0.0012094298505359636,0.8192126183559777,0.0016192857597389014,0.745103805887824,0.004055511628600063
equal_search,scratch,0.01,3,0.8139292094153054,0.011734242012150663,0.588858172716955,0.020321086197823583,0.5802317354565331,0.016281399452924582
equal_search,scratch,1.0,3,0.913998439414004,0.002277088370601729,0.7889339692263793,0.003129194764262383,0.7233406972539415,0.0020378927305128645
equal_search,xresnet1d101,0.01,3,0.7998431011489971,0.006435266915783904,0.5792459851891337,0.011958748881791334,0.5789198734511503,0.01499996867553582
equal_search,xresnet1d101,1.0,3,0.9163891442734261,0.0019595846358053696,0.7949145560402316,0.002358777768517805,0.7258721496333315,0.005722062908088474
fixed_full,linear_probe,1.0,3,0.9203358692991387,0.0004171622740343784,0.8046191183185121,0.0005645033202806231,0.7357317900215637,0.0005470599952519184
fixed_full,pretrained,1.0,3,0.9265375727541464,0.0012094298505359725,0.8192126183559777,0.001619285759738883,0.745103805887824,0.004055511628600063
fixed_full,scratch,1.0,3,0.9061325349155757,0.0013503275668020676,0.7735711935012421,0.0036512055554055903,0.7119143530228419,0.004091958053580787
frozen,linear_probe,0.05,3,0.8985751958686627,0.0036417938615513046,0.7603918595528647,0.006690068928369072,0.7045764530046187,0.008548975103390062
frozen,linear_probe,0.1,3,0.9070485099307275,0.0019969332755959525,0.774964921960953,0.00542987253546962,0.7116580576313226,0.0010700523785331208
frozen,linear_probe,1.0,3,0.9203358692991387,0.0004171622740343784,0.8046191183185121,0.0005645033202806231,0.7357317900215637,0.0005470599952519184
frozen,random_probe,0.05,3,0.7723748404338656,0.007239824745554471,0.5419249873044966,0.013529569925308207,0.550526628086964,0.004577157494718567
frozen,random_probe,0.1,3,0.7913175885401372,0.005492291068188329,0.569153134628442,0.011712678169507485,0.5708192590886322,0.006267132934082458
frozen,random_probe,1.0,3,0.8305034219394192,0.0055409425948920845,0.6299480227968496,0.008692977243431094,0.6124476467786231,0.007102505132276115
