id,group,family,fraction,seed,lr,epochs,patience,batch_size,accumulation_steps,weight_decay,amp,workers,status,epochs_completed,best_epoch,best_validation_macro_auroc,reached_epoch_limit,best_in_last_three_epochs,training_patients,training_records,examples_seen,optimizer_steps,parameters,duration_seconds
replication_scratch_f1_s52_lr0.0001,replication,scratch,1.0,52,0.0001,30,7,16,2,0.01,True,0,complete,24,17,0.9100128255859332,False,False,14823,17084,410016,12816,30670389,2163.26620721817
replication_scratch_f1_s62_lr0.0001,replication,scratch,1.0,62,0.0001,30,7,16,2,0.01,True,0,complete,18,11,0.9092876054611304,False,False,14823,17084,307512,9612,30670389,1615.5101008415222
replication_pretrained_f1_s52_lr0.0001,replication,pretrained,1.0,52,0.0001,30,7,16,2,0.01,True,0,complete,11,4,0.9260000890888423,False,False,14823,17084,187924,5874,30670389,983.8989579677582
replication_pretrained_f1_s62_lr0.0001,replication,pretrained,1.0,62,0.0001,30,7,16,2,0.01,True,0,complete,9,2,0.928595991101503,False,False,14823,17084,153756,4806,30670389,740.0663261413574
replication_linear_probe_f1_s52_lr0.001,replication,linear_probe,1.0,52,0.001,30,7,16,2,0.01,True,0,complete,11,4,0.9207631579591736,False,False,14823,17084,187924,5874,30670389,26.67868113517761
replication_linear_probe_f1_s62_lr0.001,replication,linear_probe,1.0,62,0.001,30,7,16,2,0.01,True,0,complete,14,7,0.9203562784928104,False,False,14823,17084,239176,7476,30670389,33.397247552871704
frozen_control_random_probe_f0.05_s42_lr0.001,frozen_control,random_probe,0.05,42,0.001,30,7,16,2,0.01,True,0,complete,30,30,0.7756766600830431,True,True,742,841,25230,810,30670389,10.063909530639648
frozen_control_random_probe_f0.05_s52_lr0.001,frozen_control,random_probe,0.05,52,0.001,30,7,16,2,0.01,True,0,complete,30,30,0.7792241146341912,True,True,742,865,25950,840,30670389,10.288724184036257
frozen_control_random_probe_f0.05_s62_lr0.001,frozen_control,random_probe,0.05,62,0.001,30,7,16,2,0.01,True,0,complete,30,30,0.7886026986527979,True,True,742,864,25920,810,30670389,10.415752172470093
frozen_control_random_probe_f0.1_s42_lr0.001,frozen_control,random_probe,0.1,42,0.001,30,7,16,2,0.01,True,0,complete,30,30,0.7984756880633045,True,True,1483,1687,50610,1590,30670389,13.694057703018188
frozen_control_random_probe_f0.1_s52_lr0.001,frozen_control,random_probe,0.1,52,0.001,30,7,16,2,0.01,True,0,complete,30,30,0.7928265486585353,True,True,1483,1718,51540,1620,30670389,13.810436248779297
frozen_control_random_probe_f0.1_s62_lr0.001,frozen_control,random_probe,0.1,62,0.001,30,7,16,2,0.01,True,0,complete,30,30,0.8071754668919595,True,True,1483,1713,51390,1620,30670389,10.40539050102234
frozen_control_random_probe_f1_s42_lr0.001,frozen_control,random_probe,1.0,42,0.001,30,7,16,2,0.01,True,0,complete,30,30,0.8356004169145018,True,True,14823,17084,512520,16020,30670389,53.620824337005615
frozen_control_random_probe_f1_s52_lr0.001,frozen_control,random_probe,1.0,52,0.001,30,7,16,2,0.01,True,0,complete,30,29,0.831028905513642,True,True,14823,17084,512520,16020,30670389,54.72772693634033
frozen_control_random_probe_f1_s62_lr0.001,frozen_control,random_probe,1.0,62,0.001,30,7,16,2,0.01,True,0,complete,30,29,0.8418362813096272,True,True,14823,17084,512520,16020,30670389,58.98085570335388
search_scratch_f0.01_s42_lr1e-05,search,scratch,0.01,42,1e-05,60,12,16,2,0.01,True,0,complete,60,60,0.703350101935753,True,True,149,164,9840,360,30670389,247.9826214313507
search_scratch_f0.01_s42_lr0.0001,search,scratch,0.01,42,0.0001,60,12,16,2,0.01,True,0,complete,42,30,0.8252926972415005,False,False,149,164,6888,252,30670389,179.39808893203735
search_scratch_f0.01_s42_lr0.001,search,scratch,0.01,42,0.001,60,12,16,2,0.01,True,0,complete,24,12,0.8228600246623294,False,False,149,164,3936,144,30670389,99.36851263046265
search_pretrained_f0.01_s42_lr1e-05,search,pretrained,0.01,42,1e-05,60,12,16,2,0.01,True,0,complete,60,60,0.8272366116456731,True,True,149,164,9840,360,30670389,254.67513608932492
search_pretrained_f0.01_s42_lr0.0001,search,pretrained,0.01,42,0.0001,60,12,16,2,0.01,True,0,complete,26,14,0.848328937984683,False,False,149,164,4264,156,30670389,111.2037274837494
search_pretrained_f0.01_s42_lr0.001,search,pretrained,0.01,42,0.001,60,12,16,2,0.01,True,0,complete,15,3,0.8584677029251896,False,False,149,164,2460,90,30670389,61.793270111083984
search_xresnet1d101_f0.01_s42_lr1e-05,search,xresnet1d101,0.01,42,1e-05,60,12,16,2,0.01,True,0,complete,13,1,0.5243022236905672,False,False,149,164,2132,78,1808261,49.98265743255615
search_xresnet1d101_f0.01_s42_lr0.0001,search,xresnet1d101,0.01,42,0.0001,60,12,16,2,0.01,True,0,complete,60,57,0.7935810725168047,True,False,149,164,9840,360,1808261,237.49364280700684
search_xresnet1d101_f0.01_s42_lr0.001,search,xresnet1d101,0.01,42,0.001,60,12,16,2,0.01,True,0,complete,49,37,0.8139241435440322,False,False,149,164,8036,294,1808261,193.3745412826538
search_scratch_f1_s42_lr1e-05,search,scratch,1.0,42,1e-05,60,12,16,2,0.01,True,0,complete,60,54,0.898137156854889,True,False,14823,17084,1025040,32040,30670389,5357.782446861267
search_scratch_f1_s42_lr0.0001,search,scratch,1.0,42,0.0001,60,12,16,2,0.01,True,0,complete,24,12,0.9090954789829836,False,False,14823,17084,410016,12816,30670389,2163.301773071289
search_scratch_f1_s42_lr0.001,search,scratch,1.0,42,0.001,60,12,16,2,0.01,True,0,complete,18,6,0.916759662221917,False,False,14823,17084,307512,9612,30670389,1621.301646709442
search_pretrained_f1_s42_lr1e-05,search,pretrained,1.0,42,1e-05,60,12,16,2,0.01,True,0,complete,23,11,0.9234449124219464,False,False,14823,17084,392932,12282,30670389,2074.434531450272
search_pretrained_f1_s42_lr0.0001,search,pretrained,1.0,42,0.0001,60,12,16,2,0.01,True,0,complete,15,3,0.9271622646894536,False,False,14823,17084,256260,8010,30670389,1352.0996763706207
search_pretrained_f1_s42_lr0.001,search,pretrained,1.0,42,0.001,60,12,16,2,0.01,True,0,complete,15,3,0.9226099301387898,False,False,14823,17084,256260,8010,30670389,1320.4662098884585
search_xresnet1d101_f1_s42_lr1e-05,search,xresnet1d101,1.0,42,1e-05,60,12,16,2,0.01,True,0,complete,60,60,0.9039386402566738,True,True,14823,17084,1025040,32040,1808261,3999.601728916168
search_xresnet1d101_f1_s42_lr0.0001,search,xresnet1d101,1.0,42,0.0001,60,12,16,2,0.01,True,0,complete,24,12,0.9124627306739368,False,False,14823,17084,410016,12816,1808261,1580.020008802414
search_xresnet1d101_f1_s42_lr0.001,search,xresnet1d101,1.0,42,0.001,60,12,16,2,0.01,True,0,complete,34,22,0.9186925887181528,False,False,14823,17084,580856,18156,1808261,2220.430544614792
repeat_scratch_f0.01_s52_lr0.0001,repeat,scratch,0.01,52,0.0001,60,12,16,2,0.01,True,0,complete,46,34,0.8166621386488035,False,False,149,167,7682,276,30670389,201.9502670764923
repeat_scratch_f0.01_s62_lr0.0001,repeat,scratch,0.01,62,0.0001,60,12,16,2,0.01,True,0,complete,38,26,0.8149647031874835,False,False,149,179,6802,228,30670389,161.87984228134155
repeat_pretrained_f0.01_s52_lr0.001,repeat,pretrained,0.01,52,0.001,60,12,16,2,0.01,True,0,complete,15,3,0.8620196150758727,False,False,149,167,2505,90,30670389,64.730797290802
repeat_pretrained_f0.01_s62_lr0.001,repeat,pretrained,0.01,62,0.001,60,12,16,2,0.01,True,0,complete,20,8,0.8713217607250625,False,False,149,179,3580,120,30670389,81.60165667533875
repeat_xresnet1d101_f0.01_s52_lr0.001,repeat,xresnet1d101,0.01,52,0.001,60,12,16,2,0.01,True,0,complete,25,13,0.8070827777321368,False,False,149,167,4175,150,1808261,97.91025018692017
repeat_xresnet1d101_f0.01_s62_lr0.001,repeat,xresnet1d101,0.01,62,0.001,60,12,16,2,0.01,True,0,complete,38,26,0.8174662681369484,False,False,149,179,6802,228,1808261,163.90261816978455
repeat_scratch_f1_s52_lr0.001,repeat,scratch,1.0,52,0.001,60,12,16,2,0.01,True,0,complete,19,7,0.9182873267610764,False,False,14823,17084,324596,10146,30670389,1654.7065982818604
repeat_scratch_f1_s62_lr0.001,repeat,scratch,1.0,62,0.001,60,12,16,2,0.01,True,0,complete,19,7,0.9193508182892972,False,False,14823,17084,324596,10146,30670389,1676.5185225009918
repeat_pretrained_f1_s52_lr0.0001,repeat,pretrained,1.0,52,0.0001,60,12,16,2,0.01,True,0,complete,16,4,0.9260000890888423,False,False,14823,17084,273344,8544,30670389,1411.1199116706848
repeat_pretrained_f1_s62_lr0.0001,repeat,pretrained,1.0,62,0.0001,60,12,16,2,0.01,True,0,complete,14,2,0.928595991101503,False,False,14823,17084,239176,7476,30670389,1240.7043602466583
repeat_xresnet1d101_f1_s52_lr0.001,repeat,xresnet1d101,1.0,52,0.001,60,12,16,2,0.01,True,0,complete,30,18,0.9221251278474412,False,False,14823,17084,512520,16020,1808261,1996.4630210399628
repeat_xresnet1d101_f1_s62_lr0.001,repeat,xresnet1d101,1.0,62,0.001,60,12,16,2,0.01,True,0,complete,31,19,0.9230314030678824,False,False,14823,17084,529604,16554,1808261,2028.7766122817995
