fraction,seed,metric,delta,ci_low,ci_high,requested_replicates,valid_replicates,unit,scope
0.01,42,macro_auroc,0.016759921356732987,0.007708989371157396,0.02616709144035792,2000,2000,patient,conditional_on_fitted_seed_pair
0.01,42,macro_auprc,0.0344221370134572,0.014899712784754581,0.052988366466011606,2000,2000,patient,conditional_on_fitted_seed_pair
0.01,52,macro_auroc,0.054660537962111344,0.0440435765020912,0.0648286525821769,2000,2000,patient,conditional_on_fitted_seed_pair
0.01,52,macro_auprc,0.11007096811135597,0.0920583382628416,0.12758963964466774,2000,2000,patient,conditional_on_fitted_seed_pair
0.01,62,macro_auroc,0.05460665027056777,0.04453138961691778,0.06528897230337638,2000,2000,patient,conditional_on_fitted_seed_pair
0.01,62,macro_auprc,0.09241651913565163,0.07098935262127275,0.11383555250024396,2000,2000,patient,conditional_on_fitted_seed_pair
0.05,42,macro_auroc,0.03569761258053605,0.02727175559278831,0.04489021980312559,2000,2000,patient,conditional_on_fitted_seed_pair
0.05,42,macro_auprc,0.07122376212514392,0.05101703547242466,0.08968185108743207,2000,2000,patient,conditional_on_fitted_seed_pair
0.05,52,macro_auroc,0.041683164461644884,0.03362779408688941,0.04998624849202327,2000,2000,patient,conditional_on_fitted_seed_pair
0.05,52,macro_auprc,0.08633847839818976,0.06867753790968362,0.10288828726360529,2000,2000,patient,conditional_on_fitted_seed_pair
0.05,62,macro_auroc,0.02645287976036359,0.018026067666982896,0.03482413168795724,2000,2000,patient,conditional_on_fitted_seed_pair
0.05,62,macro_auprc,0.05485543671560866,0.03642635350195199,0.07205768284840758,2000,2000,patient,conditional_on_fitted_seed_pair
0.1,42,macro_auroc,0.03522225199456119,0.02868348678235464,0.04214796367683044,2000,2000,patient,conditional_on_fitted_seed_pair
0.1,42,macro_auprc,0.07696820958607054,0.06040765529678127,0.0913515674122608,2000,2000,patient,conditional_on_fitted_seed_pair
0.1,52,macro_auroc,0.03688608291776918,0.029075939961526295,0.04459013636195545,2000,2000,patient,conditional_on_fitted_seed_pair
0.1,52,macro_auprc,0.07480876406467518,0.057808260509201376,0.09078791511535021,2000,2000,patient,conditional_on_fitted_seed_pair
0.1,62,macro_auroc,0.029452279400411063,0.02192884585151295,0.0367636189578656,2000,2000,patient,conditional_on_fitted_seed_pair
0.1,62,macro_auprc,0.055506818585213114,0.03896414898066646,0.07090279153281188,2000,2000,patient,conditional_on_fitted_seed_pair
0.25,42,macro_auroc,0.03013877573907231,0.023747281163110683,0.03687604352424474,2000,2000,patient,conditional_on_fitted_seed_pair
0.25,42,macro_auprc,0.07063420690981403,0.054235332481706415,0.08548909958737849,2000,2000,patient,conditional_on_fitted_seed_pair
0.25,52,macro_auroc,0.029607672391293804,0.023767987835855185,0.03587195281679604,2000,2000,patient,conditional_on_fitted_seed_pair
0.25,52,macro_auprc,0.0649257361328004,0.04959984470292061,0.07924236169224541,2000,2000,patient,conditional_on_fitted_seed_pair
0.25,62,macro_auroc,0.02899378003069686,0.0226168168456373,0.03580135703304162,2000,2000,patient,conditional_on_fitted_seed_pair
0.25,62,macro_auprc,0.06353478993948791,0.04972409289982681,0.07685401605006625,2000,2000,patient,conditional_on_fitted_seed_pair
1.0,42,macro_auroc,0.0196919993986171,0.014614220562922742,0.024784614073810805,2000,2000,patient,conditional_on_fitted_seed_pair
1.0,42,macro_auprc,0.04546822578566245,0.032106467048397334,0.058635176632330435,2000,2000,patient,conditional_on_fitted_seed_pair
