model,fraction,seed,training_patients,training_records,test_patients,test_records,macro_auroc,macro_auprc,macro_f1,macro_sensitivity,macro_specificity,micro_f1,brier,macro_ece
scratch,0.01,42,149,164,1877,2158,0.827309346400854,0.6102994832808225,0.5989885842646312,0.7093982305690313,0.7882333483550586,0.6372819100091828,0.1363043189048767,0.09311205088001252
pretrained,0.01,42,149,164,1877,2158,0.844069267757587,0.6447216202942797,0.6208639383589121,0.7030500147451566,0.8261513050995207,0.6670902160101652,0.1188969686627388,0.06670797205218516
scratch,0.01,52,149,167,1877,2158,0.8023516139040602,0.5607769272643887,0.5794457342202539,0.6936811657927143,0.7637619602568874,0.6214638527166592,0.1402822583913803,0.06455432924133854
pretrained,0.01,52,149,167,1877,2158,0.8570121518661715,0.6708478953757446,0.6377747654408802,0.6563520186739221,0.8752658410957865,0.6924947880472551,0.1125432476401329,0.05676509026986952
scratch,0.01,62,149,179,1877,2158,0.8053894419508904,0.5863927700197222,0.5697490306359663,0.6593158255377094,0.783800107685886,0.6164362280565481,0.1458268016576767,0.09587586657925268
pretrained,0.01,62,149,179,1877,2158,0.8599960922214581,0.6788092891553739,0.64062798188176,0.7004696325355841,0.8516430167577397,0.6884812427697902,0.11533008515834808,0.06693368584808373
scratch,0.05,42,742,841,1877,2158,0.8462989165911956,0.6557377777771347,0.6187586859751978,0.6951422198757221,0.8234371119379688,0.6572301753257198,0.12169939279556274,0.060676638258619374
pretrained,0.05,42,742,841,1877,2158,0.8819965291717317,0.7269615399022786,0.6892732564605369,0.7348736326856689,0.8747467138764851,0.7350369872225958,0.10375531762838364,0.06316838131404452
scratch,0.05,52,742,865,1877,2158,0.8517555923541666,0.6631072134549157,0.6267926851354558,0.6958781722299483,0.8332142235636784,0.6677497969130788,0.1229817345738411,0.07956602784776516
pretrained,0.05,52,742,865,1877,2158,0.8934387568158115,0.7494456918531055,0.6984262905362009,0.7209872992052098,0.891678378807281,0.7468879668049793,0.09580332785844803,0.03710276389717228
scratch,0.05,62,742,864,1877,2158,0.861332454696383,0.683699269112936,0.6460415706748966,0.7138318252279208,0.842999613088384,0.6917440156326331,0.11279390752315521,0.04687301243989417
pretrained,0.05,62,742,864,1877,2158,0.8877853344567466,0.7385547058285447,0.6963932257004146,0.7214621995188137,0.8869585980276348,0.7435941530524506,0.10071605443954468,0.05391927870479002
scratch,0.1,42,1483,1687,1877,2158,0.8633936222805468,0.687258405911677,0.6485167009768127,0.7131617859691304,0.8450859693010477,0.695211635888217,0.11103420704603195,0.04409778559402639
pretrained,0.1,42,1483,1687,1877,2158,0.898615874275108,0.7642266154977475,0.7115288104376745,0.7514507923049145,0.8860486914884451,0.7555103424889793,0.0910588726401329,0.02628945175893225
scratch,0.1,52,1483,1718,1877,2158,0.8659702610748369,0.700282422568669,0.6573980497411234,0.7065428610359779,0.8559299892722738,0.7054134838923946,0.10947446525096893,0.048947759735310827
pretrained,0.1,52,1483,1718,1877,2158,0.9028563439926061,0.7750911866333442,0.7144509539954849,0.7433620187243257,0.8963956712155362,0.7547104580812446,0.0934329479932785,0.045169842180358355
scratch,0.1,62,1483,1713,1877,2158,0.873371084424219,0.7145276004338535,0.6619636345841362,0.7319193043870595,0.8471026489508663,0.705251178670135,0.11054819077253342,0.06417805114424373
pretrained,0.1,62,1483,1713,1877,2158,0.90282336382463,0.7700344190190667,0.7152428298470016,0.7444662380375732,0.8933722677848476,0.7568404749612804,0.09269750118255615,0.043081359110213296
scratch,0.25,42,3706,4252,1877,2158,0.8853237494073068,0.7289570070384099,0.6829684616147034,0.7364477944579304,0.863222055027219,0.7271520981920716,0.1053127869963646,0.06101153837249331
pretrained,0.25,42,3706,4252,1877,2158,0.9154625251463792,0.799591213948224,0.7339974028757802,0.7649160244069582,0.8975332247060649,0.7717130106419499,0.08500713855028152,0.027852858573308797
scratch,0.25,52,3706,4297,1877,2158,0.8863066173391685,0.7373017779471388,0.6858519425328838,0.7191165808589886,0.877296183422566,0.7326530612244898,0.10080406069755554,0.041594758324421756
pretrained,0.25,52,3706,4297,1877,2158,0.9159142897304623,0.8022275140799392,0.7312503485414412,0.7502997362326245,0.9001089772123014,0.7757994814174589,0.08440612256526947,0.027503369606951933
scratch,0.25,62,3706,4312,1877,2158,0.8865918059393479,0.7361807232280854,0.6837106854534436,0.7279136269434714,0.8732118722572494,0.7249114521841794,0.10101927816867828,0.03973161489586238
pretrained,0.25,62,3706,4312,1877,2158,0.9155855859700448,0.7997155131675733,0.7293107368728504,0.7584941353252922,0.9036019148556875,0.7663194444444444,0.0855998694896698,0.03391350151951993
scratch,1.0,42,14823,17084,1877,2158,0.9076873274718625,0.775607696077109,0.7114999260928503,0.7467376551988336,0.886124770141746,0.7573442010528103,0.09099894016981125,0.034764236385784734
pretrained,1.0,42,14823,17084,1877,2158,0.9273793268704796,0.8210759218627715,0.7464059044422566,0.7942916502290471,0.8934834262996126,0.7818610923803102,0.07994069904088974,0.02537975717090809
linear_probe,0.05,42,742,841,1877,2158,0.895050625194792,0.7533213516399077,0.7038622076114531,0.7384096112475441,0.886790816977779,0.7446954140999316,0.09424415230751038,0.028946590757617196
linear_probe,0.05,52,742,865,1877,2158,0.898351099141719,0.7612321254470436,0.6964070074901836,0.7321382993487423,0.8801696025262669,0.7421981004070556,0.09352069348096848,0.026056697428661492
linear_probe,0.05,62,742,864,1877,2158,0.9023238632694772,0.7666221015716429,0.7134601439122192,0.7256125884079578,0.9010543955321969,0.7567472835611637,0.09226076304912567,0.026381691278021462
linear_probe,0.1,42,1483,1687,1877,2158,0.9047569375872264,0.7687907193195282,0.7112028186890264,0.7582655495402015,0.8844686767300886,0.7491118254102521,0.0902913436293602,0.025089953559950563
linear_probe,0.1,52,1483,1718,1877,2158,0.9079723396809486,0.7771070724583863,0.7128804535707625,0.7547285370024892,0.8887293102614431,0.751618398637138,0.09022662788629532,0.026576631039767713
linear_probe,0.1,62,1483,1713,1877,2158,0.9084162525240075,0.7789969741049442,0.7108909006341788,0.7272250219706313,0.899285798678563,0.7538004543071816,0.08984211087226868,0.025586403332705905
linear_probe,1.0,42,14823,17084,1877,2158,0.9207472564627803,0.8052689942264297,0.7360647428593722,0.7993646881239718,0.8762049295036528,0.7708539399934059,0.08344937860965729,0.02089046794339407
