model,fraction,seed,label,auroc,auprc,f1,sensitivity,specificity,positives,n
scratch,0.01,42,NORM,0.8790521252883902,0.8314934492230599,0.7848568790397045,0.8826583592938733,0.704602510460251,963,2158
scratch,0.01,42,MI,0.8094012890094979,0.5886848692350787,0.5905205905205905,0.6909090909090909,0.7779850746268657,550,2158
scratch,0.01,42,STTC,0.8561099666188676,0.634287826135481,0.6306451612903226,0.7504798464491362,0.7996334758704948,521,2158
scratch,0.01,42,CD,0.8351147325414386,0.6953759647205815,0.6150670794633643,0.6008064516129032,0.894705174488568,496,2158
scratch,0.01,42,HYP,0.7568686185460753,0.30165530708991134,0.3738532110091743,0.6221374045801527,0.7642405063291139,262,2158
pretrained,0.01,42,NORM,0.9129880907380614,0.8755921878418915,0.8415890142226582,0.8909657320872274,0.8175732217573222,963,2158
pretrained,0.01,42,MI,0.8483446404341927,0.6856615417803318,0.6319218241042345,0.7054545454545454,0.8196517412935324,550,2158
pretrained,0.01,42,STTC,0.8970443569236831,0.7302778160232443,0.7076663858466723,0.8061420345489443,0.8497251069028711,521,2158
pretrained,0.01,42,CD,0.833683305190016,0.6672408808749771,0.6175869120654397,0.6088709677419355,0.8916967509025271,496,2158
pretrained,0.01,42,HYP,0.728285945501981,0.26483567495095395,0.3055555555555556,0.5038167938931297,0.7521097046413502,262,2158
scratch,0.01,52,NORM,0.8648874463952867,0.7959090123039974,0.7737417943107221,0.9179646936656283,0.6334728033472803,963,2158
scratch,0.01,52,MI,0.7450107417458164,0.4800773404649241,0.5441067457375834,0.6672727272727272,0.7313432835820896,550,2158
scratch,0.01,52,STTC,0.806447471323532,0.5515564793740221,0.5707997065297139,0.746641074856046,0.7232742822235797,521,2158
scratch,0.01,52,CD,0.8289917413920267,0.6706989573973273,0.6267379679144385,0.5907258064516129,0.9121540312876053,496,2158
scratch,0.01,52,HYP,0.7664206686636391,0.3056428467816722,0.3818424566088118,0.5458015267175572,0.8185654008438819,262,2158
pretrained,0.01,52,NORM,0.9296640988542604,0.8962695050263687,0.8398058252427184,0.8982346832814122,0.8058577405857741,963,2158
pretrained,0.01,52,MI,0.8744386024423338,0.7314545007375143,0.6544117647058824,0.6472727272727272,0.8868159203980099,550,2158
pretrained,0.01,52,STTC,0.8948124993404676,0.7484024845138172,0.704225352112676,0.7197696737044146,0.8967623701893708,521,2158
pretrained,0.01,52,CD,0.8315949982531733,0.6940224341573902,0.6245772266065389,0.5584677419354839,0.9314079422382672,496,2158
pretrained,0.01,52,HYP,0.7545505604406222,0.284090552443633,0.36585365853658536,0.4580152671755725,0.8554852320675106,262,2158
scratch,0.01,62,NORM,0.8690433052220876,0.8216078636626106,0.7774294670846394,0.90134994807892,0.6635983263598326,963,2158
scratch,0.01,62,MI,0.7962969244685663,0.5513976069586333,0.5676077265973254,0.6945454545454546,0.7425373134328358,550,2158
scratch,0.01,62,STTC,0.8053488369366275,0.5658513524141872,0.5446880269814502,0.6199616122840691,0.7910812461820403,521,2158
scratch,0.01,62,CD,0.8029919257792787,0.6265850726199428,0.5759829968119022,0.5463709677419355,0.8953068592057761,496,2158
scratch,0.01,62,HYP,0.753266217347892,0.36652195444323743,0.38303693570451436,0.5343511450381679,0.8264767932489452,262,2158
pretrained,0.01,62,NORM,0.9201432065937599,0.8976661121698459,0.8358797437161163,0.8805815160955348,0.8175732217573222,963,2158
pretrained,0.01,62,MI,0.8893554952510178,0.7475961579011791,0.6789431545236189,0.7709090909090909,0.8289800995024875,550,2158
pretrained,0.01,62,STTC,0.8852261228758659,0.7229534122784773,0.7029438001784122,0.7562380038387716,0.874160048869884,521,2158
pretrained,0.01,62,CD,0.8441927720197198,0.6882605731214079,0.6006528835690969,0.5564516129032258,0.9115523465703971,496,2158
pretrained,0.01,62,HYP,0.7610628643669275,0.33757019030595925,0.38472032742155526,0.5381679389312977,0.8259493670886076,262,2158
scratch,0.05,42,NORM,0.9019734355244463,0.8728142056951635,0.7981132075471699,0.8785046728971962,0.7397489539748954,963,2158
scratch,0.05,42,MI,0.8460911352329262,0.6564373600250989,0.618066561014263,0.7090909090909091,0.7997512437810945,550,2158
scratch,0.05,42,STTC,0.8768046271619472,0.6883398307682871,0.6417624521072797,0.6429942418426103,0.8851557727550398,521,2158
scratch,0.05,42,CD,0.8388328044330577,0.725616691538468,0.6430801248699272,0.6229838709677419,0.9061371841155235,496,2158
scratch,0.05,42,HYP,0.767792580603601,0.33548080085865617,0.3927710843373494,0.6221374045801527,0.7863924050632911,262,2158
pretrained,0.05,42,NORM,0.9176253600802929,0.8677031799798537,0.849102377486657,0.9086188992731049,0.8133891213389122,963,2158
pretrained,0.05,42,MI,0.8985645635459069,0.7768627605238854,0.7220338983050848,0.7745454545454545,0.8731343283582089,550,2158
pretrained,0.05,42,STTC,0.9014764145357419,0.7422792873153483,0.7172774869109948,0.7888675623800384,0.8692730604764813,521,2158
pretrained,0.05,42,CD,0.8782279899848607,0.7905846786794757,0.7109704641350211,0.6794354838709677,0.9308062575210589,496,2158
pretrained,0.05,42,HYP,0.8140883177118562,0.4573777930128301,0.4469820554649266,0.5229007633587787,0.8871308016877637,262,2158
scratch,0.05,52,NORM,0.9078411692887898,0.8784904896500717,0.812617702448211,0.8961578400830738,0.7506276150627615,963,2158
scratch,0.05,52,MI,0.838494459520579,0.6389850391667475,0.602112676056338,0.6218181818181818,0.8482587064676617,550,2158
scratch,0.05,52,STTC,0.8843584713856746,0.7056220457812635,0.6774193548387096,0.7658349328214972,0.8423946243127672,521,2158
scratch,0.05,52,CD,0.8642630817903031,0.7437535751479648,0.6591422121896162,0.5887096774193549,0.941034897713598,496,2158
scratch,0.05,52,HYP,0.7638207797854866,0.3486849175285308,0.38267148014440433,0.6068702290076335,0.7837552742616034,262,2158
pretrained,0.05,52,NORM,0.9364512050469898,0.9082572940268887,0.8576960309777347,0.9200415368639667,0.8184100418410042,963,2158
pretrained,0.05,52,MI,0.9139704884667571,0.8190079580787083,0.7411865864144453,0.7836363636363637,0.8868159203980099,550,2158
pretrained,0.05,52,STTC,0.9170595525497814,0.7862210780816987,0.7419354838709677,0.7504798464491362,0.9132559560171044,521,2158
pretrained,0.05,52,CD,0.8851843629905671,0.7673972140628765,0.7057522123893806,0.6431451612903226,0.9464500601684718,496,2158
pretrained,0.05,52,HYP,0.8145281750249621,0.4663449150153553,0.4455611390284757,0.5076335877862596,0.8934599156118144,262,2158
scratch,0.05,62,NORM,0.9158826366349926,0.8834571404806135,0.8257502420135527,0.885773624091381,0.7907949790794979,963,2158
scratch,0.05,62,MI,0.8510193351424694,0.6668054275178221,0.642967542503864,0.7563636363636363,0.7960199004975125,550,2158
scratch,0.05,62,STTC,0.8993805671861241,0.7411190685565479,0.7024722932651322,0.7907869481765835,0.853390348197923,521,2158
scratch,0.05,62,CD,0.8552475156243935,0.726899415707746,0.6511627906976745,0.6209677419354839,0.914560770156438,496,2158
scratch,0.05,62,HYP,0.785132218893935,0.4002152933019506,0.4078549848942598,0.5152671755725191,0.8602320675105485,262,2158
pretrained,0.05,62,NORM,0.9233284236412537,0.8940639922191878,0.8438250840941854,0.9117341640706127,0.799163179916318,963,2158
pretrained,0.05,62,MI,0.9043843283582089,0.7788237859031981,0.7311072056239016,0.7563636363636363,0.8930348258706468,550,2158
pretrained,0.05,62,STTC,0.9057150093155285,0.7757514806287747,0.7411444141689373,0.783109404990403,0.8949297495418448,521,2158
pretrained,0.05,62,CD,0.9091437880905244,0.8211966045331762,0.7294633077765608,0.6713709677419355,0.9494584837545126,496,2158
pretrained,0.05,62,HYP,0.7963551228782169,0.42293766585838644,0.436426116838488,0.4847328244274809,0.8982067510548524,262,2158
scratch,0.1,42,NORM,0.9176336153147633,0.8895581557828257,0.8225806451612904,0.9003115264797508,0.7673640167364016,963,2158
scratch,0.1,42,MI,0.8617441203075531,0.6957958220498085,0.6537162162162162,0.7036363636363636,0.8463930348258707,550,2158
scratch,0.1,42,STTC,0.9039709125700423,0.7409434326284478,0.7023026315789473,0.8195777351247601,0.8362858888210141,521,2158
scratch,0.1,42,CD,0.8562385971041497,0.7466149818413372,0.6609989373007439,0.6270161290322581,0.9193742478941035,496,2158
scratch,0.1,42,HYP,0.777380866106226,0.36337963725596567,0.40298507462686567,0.5152671755725191,0.8560126582278481,262,2158
pretrained,0.1,42,NORM,0.9410054875584928,0.9155817982378783,0.8571428571428571,0.9221183800623053,0.8150627615062761,963,2158
pretrained,0.1,42,MI,0.9199434644957033,0.8196987573304622,0.7436123348017621,0.7672727272727272,0.8986318407960199,550,2158
pretrained,0.1,42,STTC,0.9222173889083654,0.7931071765919758,0.7572463768115942,0.8023032629558541,0.8992058643860721,521,2158
pretrained,0.1,42,CD,0.8832761975466791,0.8009141700297502,0.7315573770491803,0.719758064516129,0.9259927797833934,496,2158
pretrained,0.1,42,HYP,0.8266368328662995,0.4918311752986708,0.46808510638297873,0.5458015267175572,0.8913502109704642,262,2158
scratch,0.1,52,NORM,0.9136415577192959,0.883216259978207,0.8271844660194175,0.8847352024922118,0.7949790794979079,963,2158
scratch,0.1,52,MI,0.8574536408864767,0.6827084242607026,0.6389530408006159,0.7545454545454545,0.7922885572139303,550,2158
scratch,0.1,52,STTC,0.9064882743936112,0.7490252261956255,0.7111882046834345,0.7869481765834933,0.8643860720830788,521,2158
scratch,0.1,52,CD,0.8725477708551687,0.7684581930285037,0.6802860061287027,0.6713709677419355,0.9097472924187726,496,2158
scratch,0.1,52,HYP,0.7797200615196316,0.41800400938030646,0.4293785310734463,0.4351145038167939,0.9182489451476793,262,2158
pretrained,0.1,52,NORM,0.940686574816321,0.9132655717488536,0.8601294176207068,0.897196261682243,0.8476987447698745,963,2158
pretrained,0.1,52,MI,0.9126967435549524,0.8257514848192412,0.7453083109919572,0.7581818181818182,0.9054726368159204,550,2158
pretrained,0.1,52,STTC,0.9200306726526802,0.8013735467734415,0.7408105560791706,0.7543186180422264,0.9102015882712279,521,2158
pretrained,0.1,52,CD,0.9024785528512093,0.8173586856298842,0.7392670157068063,0.7116935483870968,0.9362214199759326,496,2158
pretrained,0.1,52,HYP,0.8383891760878668,0.5177066441953005,0.48673946957878317,0.5954198473282443,0.8823839662447257,262,2158
scratch,0.1,62,NORM,0.9182392888332747,0.8896149538640933,0.8291984732824428,0.9023883696780893,0.7790794979079498,963,2158
scratch,0.1,62,MI,0.8723094753505202,0.731192311302964,0.6661379857256146,0.7636363636363637,0.8190298507462687,550,2158
scratch,0.1,62,STTC,0.9073588571388371,0.7684239505487009,0.7118337850045167,0.7562380038387716,0.8827122785583384,521,2158
scratch,0.1,62,CD,0.8763349879663056,0.7689328753899416,0.6887550200803213,0.6915322580645161,0.9055354993983152,496,2158
scratch,0.1,62,HYP,0.7926128128321577,0.4144739110635679,0.41389290882778584,0.5458015267175572,0.8491561181434599,262,2158
pretrained,0.1,62,NORM,0.9339872348005926,0.9031245920761062,0.8568646543330087,0.9138110072689511,0.8234309623430962,963,2158
pretrained,0.1,62,MI,0.9143238353686116,0.8229324169330199,0.7320388349514563,0.6854545454545454,0.9359452736318408,550,2158
pretrained,0.1,62,STTC,0.9166439005858992,0.7947691581657876,0.7358326068003488,0.8099808061420346,0.8753817959682346,521,2158
pretrained,0.1,62,CD,0.9173423488994992,0.8365754662502287,0.7573604060913706,0.7520161290322581,0.9302045728038508,496,2158
pretrained,0.1,62,HYP,0.8318194994685477,0.49277046167019156,0.49411764705882355,0.5610687022900763,0.9018987341772152,262,2158
scratch,0.25,42,NORM,0.9254799984358504,0.8932805278751889,0.8366013071895425,0.9304257528556594,0.7631799163179916,963,2158
scratch,0.25,42,MI,0.891714156490276,0.7599350841800847,0.692436974789916,0.7490909090909091,0.8582089552238806,550,2158
scratch,0.25,42,STTC,0.9166433143348922,0.7655534406418654,0.7387862796833773,0.8061420345489443,0.8802687843616371,521,2158
scratch,0.25,42,CD,0.8865308751601257,0.7815060757160438,0.6987951807228916,0.6431451612903226,0.941034897713598,496,2158
scratch,0.25,42,HYP,0.8062504026153896,0.4445099067788666,0.4482225656877898,0.5534351145038168,0.8734177215189873,262,2158
pretrained,0.25,42,NORM,0.9456436258727737,0.9234302821818821,0.8606597735105859,0.9075804776739356,0.8376569037656904,963,2158
pretrained,0.25,42,MI,0.9286001809136137,0.8417569909386787,0.7493627867459643,0.8018181818181818,0.8843283582089553,550,2158
pretrained,0.25,42,STTC,0.9288402665331579,0.8206326984353881,0.756007393715342,0.7850287907869482,0.9071472205253512,521,2158
pretrained,0.25,42,CD,0.9234780773261908,0.8479528186673202,0.7678018575851393,0.75,0.9392298435619735,496,2158
pretrained,0.25,42,HYP,0.8507504750861598,0.5641832795178506,0.5361552028218695,0.5801526717557252,0.9193037974683544,262,2158
scratch,0.25,52,NORM,0.927951789430693,0.9000035489661307,0.8445078459343794,0.9221183800623053,0.7891213389121339,963,2158
scratch,0.25,52,MI,0.8866463138851199,0.7482989404600133,0.6916376306620209,0.7218181818181818,0.875,550,2158
scratch,0.25,52,STTC,0.9201907191775601,0.7906697928114887,0.7285587975243147,0.7907869481765835,0.8790470372632865,521,2158
scratch,0.25,52,CD,0.8917258646791661,0.7843652322873025,0.7043478260869566,0.6532258064516129,0.9398315282791817,496,2158
scratch,0.25,52,HYP,0.8050183995233033,0.46317137521075863,0.4602076124567474,0.5076335877862596,0.9034810126582279,262,2158
pretrained,0.25,52,NORM,0.9451231116151149,0.9243194340874796,0.8648905803996194,0.9439252336448598,0.8075313807531381,963,2158
pretrained,0.25,52,MI,0.9376085481682497,0.8605675257920636,0.773841961852861,0.7745454545454545,0.9222636815920398,550,2158
pretrained,0.25,52,STTC,0.9320447145367972,0.8308077588809732,0.7553571428571428,0.8119001919385797,0.8924862553451436,521,2158
pretrained,0.25,52,CD,0.9245528609137843,0.8474106133582884,0.7497337593184239,0.7096774193548387,0.9452466907340553,496,2158
pretrained,0.25,52,HYP,0.8402422134183657,0.5480322382808914,0.5124282982791587,0.5114503816793893,0.9330168776371308,262,2158
scratch,0.25,62,NORM,0.9272318460876706,0.9009755518271353,0.8416464891041162,0.9023883696780893,0.8050209205020921,963,2158
scratch,0.25,62,MI,0.8795776797829037,0.7377898665030324,0.6863905325443787,0.7381818181818182,0.8588308457711443,550,2158
scratch,0.25,62,STTC,0.9230645216133158,0.8003975762403523,0.7430167597765364,0.7658349328214972,0.9059254734270006,521,2158
scratch,0.25,62,CD,0.8967540565195451,0.7942988017144595,0.7116022099447514,0.6491935483870968,0.9476534296028881,496,2158
scratch,0.25,62,HYP,0.8063309256933038,0.4474418198554475,0.4358974358974359,0.583969465648855,0.8486286919831224,262,2158
pretrained,0.25,62,NORM,0.9450066693604801,0.9245934535382893,0.8463555322496067,0.838006230529595,0.8853556485355648,963,2158
pretrained,0.25,62,MI,0.9330760967887832,0.8478421812097681,0.7688219663418955,0.7890909090909091,0.9098258706467661,550,2158
pretrained,0.25,62,STTC,0.928921169172108,0.8230363426769027,0.7586206896551724,0.8234165067178503,0.889431887599267,521,2158
pretrained,0.25,62,CD,0.9277074599200342,0.8588545263603746,0.7736220472440944,0.7923387096774194,0.9235860409145608,496,2158
pretrained,0.25,62,HYP,0.843216534608819,0.5442510620525314,0.49913344887348354,0.549618320610687,0.9098101265822784,262,2158
scratch,1.0,42,NORM,0.9395690767606462,0.917514505743122,0.8543876567020251,0.9200415368639667,0.8117154811715481,963,2158
scratch,1.0,42,MI,0.9199502487562189,0.8122195545703259,0.7345132743362832,0.7545454545454545,0.8973880597014925,550,2158
scratch,1.0,42,STTC,0.932694280652427,0.8192008176177569,0.7401177460050462,0.8445297504798465,0.8607208307880269,521,2158
scratch,1.0,42,CD,0.9164719682853927,0.8344065958824269,0.7510373443983402,0.7298387096774194,0.9362214199759326,496,2158
scratch,1.0,42,HYP,0.8297510629046284,0.49469700657191296,0.4774436090225564,0.4847328244274809,0.92457805907173,262,2158
pretrained,1.0,42,NORM,0.950882223873269,0.9320203537339995,0.8661108386463953,0.9169262720664589,0.8384937238493724,963,2158
pretrained,1.0,42,MI,0.9401690411578472,0.8659492843302884,0.764946764946765,0.8490909090909091,0.8731343283582089,550,2158
pretrained,1.0,42,STTC,0.9396313888169103,0.8347494783266507,0.7730941704035874,0.8272552783109405,0.9004276114844227,521,2158
pretrained,1.0,42,CD,0.9354947886339816,0.8684324102155156,0.7772020725388601,0.7560483870967742,0.9434416365824309,496,2158
pretrained,1.0,42,HYP,0.87071919187039,0.6042280827074027,0.5506756756756757,0.6221374045801527,0.9119198312236287,262,2158
linear_probe,0.05,42,NORM,0.9321641314407122,0.897182975462236,0.8564453125,0.9106957424714434,0.8259414225941423,963,2158
linear_probe,0.05,42,MI,0.908495024875622,0.8115716350232951,0.7217235188509874,0.730909090909091,0.8992537313432836,550,2158
linear_probe,0.05,42,STTC,0.9108534993908852,0.7640405710860989,0.72027373823781,0.8080614203454894,0.8613317043372022,521,2158
linear_probe,0.05,42,CD,0.8920618861845426,0.8074571164042418,0.7184684684684685,0.6431451612903226,0.9560770156438027,496,2158
linear_probe,0.05,42,HYP,0.8316785840821979,0.486354460223666,0.5024,0.5992366412213741,0.8913502109704642,262,2158
linear_probe,0.05,52,NORM,0.9361435889414618,0.9035015731834958,0.8513317191283293,0.9127725856697819,0.8133891213389122,963,2158
linear_probe,0.05,52,MI,0.9039066033469019,0.8038955713231188,0.7046979865771812,0.7636363636363637,0.8619402985074627,550,2158
linear_probe,0.05,52,STTC,0.9143639704201192,0.7780509363895708,0.7264808362369338,0.800383877159309,0.8717165546731827,521,2158
linear_probe,0.05,52,CD,0.9026914473428825,0.8077237081664785,0.7190775681341719,0.6915322580645161,0.9308062575210589,496,2158
linear_probe,0.05,52,HYP,0.8346498856572293,0.512988838172554,0.48044692737430167,0.49236641221374045,0.9229957805907173,262,2158
linear_probe,0.05,62,NORM,0.9350604152817423,0.9039175871513179,0.854043392504931,0.8992731048805815,0.8334728033472804,963,2158
linear_probe,0.05,62,MI,0.9076639529624603,0.8109592690963542,0.7355072463768116,0.7381818181818182,0.9079601990049752,550,2158
linear_probe,0.05,62,STTC,0.9155780962553802,0.78378379823748,0.7347310847766636,0.7735124760076776,0.8943188759926696,521,2158
linear_probe,0.05,62,CD,0.9109458095570825,0.8178088485130567,0.7494646680942184,0.7056451612903226,0.9470517448856799,496,2158
linear_probe,0.05,62,HYP,0.8423710422907205,0.5166410048600054,0.49355432780847147,0.5114503816793893,0.9224683544303798,262,2158
linear_probe,0.1,42,NORM,0.9395477869454328,0.9069324932680606,0.8517412935323383,0.8888888888888888,0.8401673640167364,963,2158
linear_probe,0.1,42,MI,0.917362053369516,0.8231268317716893,0.7429062768701634,0.7854545454545454,0.8874378109452736,550,2158
linear_probe,0.1,42,STTC,0.9163050475039192,0.7661285668192525,0.7304964539007093,0.7907869481765835,0.8808796579108125,521,2158
linear_probe,0.1,42,CD,0.9097297028453866,0.8261506888319655,0.7392670157068063,0.7116935483870968,0.9362214199759326,496,2158
linear_probe,0.1,42,HYP,0.840840097271878,0.5216150159066731,0.4916030534351145,0.6145038167938931,0.8776371308016878,262,2158
linear_probe,0.1,52,NORM,0.9384320268338568,0.9066727380407638,0.856717897868121,0.897196261682243,0.8410041841004184,963,2158
linear_probe,0.1,52,MI,0.9105732700135685,0.8168160382257963,0.7293906810035843,0.74,0.9011194029850746,550,2158
linear_probe,0.1,52,STTC,0.9208918753817961,0.7933263108638449,0.7540687160940326,0.800383877159309,0.8973732437385461,521,2158
linear_probe,0.1,52,CD,0.9198048891735568,0.8347324025418399,0.7355371900826446,0.717741935483871,0.9302045728038508,496,2158
linear_probe,0.1,52,HYP,0.8501596370019647,0.5339878726196865,0.48868778280542985,0.6183206106870229,0.8739451476793249,262,2158
linear_probe,0.1,62,NORM,0.9366706204894919,0.9077929057127326,0.8578431372549019,0.9086188992731049,0.8309623430962343,963,2158
linear_probe,0.1,62,MI,0.9147574626865672,0.8234089545784739,0.7371323529411765,0.7290909090909091,0.9148009950248757,550,2158
linear_probe,0.1,62,STTC,0.9248344134031049,0.7999009193476208,0.7355901189387009,0.7715930902111324,0.8961514966401954,521,2158
linear_probe,0.1,62,CD,0.9172756298280346,0.827926849722065,0.7364939360529217,0.6733870967741935,0.95367027677497,496,2158
linear_probe,0.1,62,HYP,0.8485431362128386,0.5359552411638291,0.48739495798319327,0.5534351145038168,0.9008438818565401,262,2158
linear_probe,1.0,42,NORM,0.9440056135594398,0.918447452627216,0.8512206356517734,0.9595015576323987,0.7623430962343096,963,2158
linear_probe,1.0,42,MI,0.9268046132971506,0.8449801764603763,0.7597864768683275,0.7763636363636364,0.9085820895522388,550,2158
linear_probe,1.0,42,STTC,0.9328766047155687,0.8173179655607011,0.7633187772925765,0.8387715930902111,0.885766646304215,521,2158
linear_probe,1.0,42,CD,0.9310373481231319,0.8568943068750544,0.7681307456588355,0.7580645161290323,0.9356197352587244,496,2158
linear_probe,1.0,42,HYP,0.8690121026186104,0.5887050696088011,0.5378670788253478,0.6641221374045801,0.8887130801687764,262,2158
