model,label,bin,n,mean_probability,event_frequency
scratch,NORM,0,653,0.022466588765382767,0.018376722931861877
scratch,NORM,1,137,0.14405114948749542,0.131386861205101
scratch,NORM,2,93,0.24924948811531067,0.19354838132858276
scratch,NORM,3,88,0.3480434715747833,0.2954545319080353
scratch,NORM,4,84,0.45085710287094116,0.4285714328289032
scratch,NORM,5,87,0.5559755563735962,0.540229856967926
scratch,NORM,6,93,0.6521812677383423,0.5376344323158264
scratch,NORM,7,137,0.7519491910934448,0.5766423344612122
scratch,NORM,8,191,0.8589263558387756,0.7225130796432495
scratch,NORM,9,595,0.9632254242897034,0.9058823585510254
scratch,MI,0,1066,0.03022684156894684,0.05534709244966507
scratch,MI,1,260,0.14310836791992188,0.20384615659713745
scratch,MI,2,198,0.2463923692703247,0.25757575035095215
scratch,MI,3,165,0.35033518075942993,0.43030303716659546
scratch,MI,4,144,0.4452284276485443,0.4444444477558136
scratch,MI,5,113,0.5487483143806458,0.7256637215614319
scratch,MI,6,89,0.6453290581703186,0.7303370833396912
scratch,MI,7,57,0.7511166334152222,0.7894737124443054
scratch,MI,8,44,0.8491094708442688,0.8863636255264282
scratch,MI,9,22,0.9318557977676392,0.9545454382896423
scratch,STTC,0,1222,0.024610349908471107,0.04009820148348808
scratch,STTC,1,265,0.14740900695323944,0.1924528330564499
scratch,STTC,2,154,0.249594584107399,0.33766233921051025
scratch,STTC,3,118,0.34583908319473267,0.5593220591545105
scratch,STTC,4,74,0.4512770473957062,0.7027027010917664
scratch,STTC,5,80,0.547648012638092,0.675000011920929
scratch,STTC,6,83,0.6465456485748291,0.6987951993942261
scratch,STTC,7,55,0.7545403242111206,0.8727272748947144
scratch,STTC,8,61,0.8474204540252686,0.8196721076965332
scratch,STTC,9,46,0.9388858675956726,0.8913043737411499
scratch,CD,0,1095,0.03637337312102318,0.06392694264650345
scratch,CD,1,293,0.1438184678554535,0.1331057995557785
scratch,CD,2,155,0.24545638263225555,0.18709677457809448
scratch,CD,3,108,0.3432086408138275,0.23148147761821747
scratch,CD,4,82,0.4518957734107971,0.3414634168148041
scratch,CD,5,66,0.5513492822647095,0.3636363744735718
scratch,CD,6,61,0.6564150452613831,0.49180328845977783
scratch,CD,7,64,0.7541423439979553,0.609375
scratch,CD,8,85,0.8451071381568909,0.8470588326454163
scratch,CD,9,149,0.9535350203514099,0.9395973086357117
scratch,HYP,0,1520,0.03362452611327171,0.06052631512284279
scratch,HYP,1,293,0.14184090495109558,0.15699659287929535
scratch,HYP,2,169,0.24411123991012573,0.28994083404541016
scratch,HYP,3,76,0.3466409742832184,0.28947368264198303
scratch,HYP,4,51,0.445270836353302,0.47058823704719543
scratch,HYP,5,31,0.5472822785377502,0.6129032373428345
scratch,HYP,6,12,0.6451635956764221,0.5833333134651184
scratch,HYP,7,6,0.7515165209770203,0.5
pretrained,NORM,0,876,0.023726630955934525,0.030821917578577995
pretrained,NORM,1,105,0.14056195318698883,0.21904762089252472
pretrained,NORM,2,62,0.2472863346338272,0.35483869910240173
pretrained,NORM,3,63,0.35255488753318787,0.4126984179019928
pretrained,NORM,4,65,0.4503698945045471,0.5230769515037537
pretrained,NORM,5,55,0.5545265674591064,0.5636363625526428
pretrained,NORM,6,54,0.6506548523902893,0.5370370149612427
pretrained,NORM,7,75,0.7515114545822144,0.7066666483879089
pretrained,NORM,8,132,0.8561932444572449,0.7727272510528564
pretrained,NORM,9,671,0.9640982151031494,0.9180327653884888
pretrained,MI,0,1160,0.02826596051454544,0.03448275849223137
pretrained,MI,1,225,0.14525377750396729,0.15555556118488312
pretrained,MI,2,130,0.24675123393535614,0.26923078298568726
pretrained,MI,3,91,0.34443992376327515,0.32967033982276917
pretrained,MI,4,82,0.44653505086898804,0.4878048896789551
pretrained,MI,5,74,0.5434110760688782,0.5405405163764954
pretrained,MI,6,74,0.6496422290802002,0.6891891956329346
pretrained,MI,7,70,0.752229630947113,0.7285714149475098
pretrained,MI,8,108,0.8500769734382629,0.8518518805503845
pretrained,MI,9,144,0.9542831778526306,0.9444444179534912
pretrained,STTC,0,1252,0.02686828374862671,0.0335463248193264
pretrained,STTC,1,173,0.14544479548931122,0.12138728052377701
pretrained,STTC,2,88,0.24981459975242615,0.25
pretrained,STTC,3,67,0.34403103590011597,0.28358209133148193
pretrained,STTC,4,67,0.4492104947566986,0.4776119291782379
pretrained,STTC,5,80,0.5495668649673462,0.5249999761581421
pretrained,STTC,6,83,0.651282787322998,0.7710843086242676
pretrained,STTC,7,111,0.7509811520576477,0.6756756901741028
pretrained,STTC,8,136,0.8534320592880249,0.8235294222831726
pretrained,STTC,9,101,0.9369911551475525,0.9108911156654358
pretrained,CD,0,1217,0.03133182227611542,0.06491371989250183
pretrained,CD,1,338,0.14101143181324005,0.10946745425462723
pretrained,CD,2,138,0.2415265589952469,0.23188406229019165
pretrained,CD,3,91,0.345260351896286,0.36263737082481384
pretrained,CD,4,59,0.4495362341403961,0.6610169410705566
pretrained,CD,5,40,0.5504087805747986,0.6499999761581421
pretrained,CD,6,60,0.6524451375007629,0.8166666626930237
pretrained,CD,7,39,0.7568243741989136,0.7692307829856873
pretrained,CD,8,53,0.8524187803268433,0.9245283007621765
pretrained,CD,9,123,0.95372474193573,0.9918699264526367
pretrained,HYP,0,1499,0.03256760537624359,0.0460306853055954
pretrained,HYP,1,310,0.1440933495759964,0.16129031777381897
pretrained,HYP,2,157,0.24281951785087585,0.24840764701366425
pretrained,HYP,3,83,0.346233993768692,0.39759036898612976
pretrained,HYP,4,43,0.44978129863739014,0.4883720874786377
pretrained,HYP,5,32,0.5443152189254761,0.75
pretrained,HYP,6,16,0.6488041877746582,0.5625
pretrained,HYP,7,15,0.7625100612640381,0.9333333373069763
pretrained,HYP,8,3,0.8471102118492126,1.0
