model,fraction,seed,corruption,level,auroc_drop,mean_binary_entropy,macro_auroc,macro_auprc,macro_f1,macro_sensitivity,macro_specificity,micro_f1,brier,macro_ece
scratch,0.1,42,clean,0.0,0.0,0.2984012961387634,0.8633936222805468,0.687258405911677,0.6485167009768127,0.7131617859691304,0.8450859693010477,0.695211635888217,0.11103420704603195,0.04409778559402639
scratch,0.1,42,gaussian,20.0,-0.00023964739087767306,0.3036942481994629,0.8636332696714245,0.6876235453847517,0.6474103694088497,0.7150449487815006,0.8440615804401077,0.6941502362717941,0.11042606830596924,0.03971998543582987
scratch,0.1,42,gaussian,10.0,-0.0010366123000177252,0.3281080424785614,0.8644302345805646,0.6887494093882955,0.6408462060482601,0.7189826659806856,0.8376038102189746,0.6825883492012264,0.10969874262809753,0.033811643171755106
scratch,0.1,42,gaussian,5.0,0.0008360430913837424,0.36735430359840393,0.8625575791891631,0.6859178251325483,0.6089316898457595,0.7086326370731175,0.8111829034306952,0.6312302839116719,0.12168557196855545,0.07953836056900118
scratch,0.1,42,wander,0.2,1.847009770084007e-05,0.30942201614379883,0.863375152182846,0.6871444559217722,0.6467468564448484,0.7181510230259743,0.842265638426392,0.6928571428571428,0.11034666746854782,0.03807103688948622
scratch,0.1,42,wander,0.5,7.175486766985983e-05,0.31158870458602905,0.863321867412877,0.6868379183480255,0.648177376456297,0.7195858773850822,0.8433176429533831,0.693532661683458,0.11027586460113525,0.037998255615513614
scratch,0.1,42,dropout,1.0,0.012116618589655404,0.3382597863674164,0.8512770036908914,0.6666326063492712,0.6361362283709521,0.7104571112831575,0.8376615554696617,0.6794227339062754,0.11799590289592743,0.045162020584324974
scratch,0.1,42,dropout,3.0,0.043377566652082145,0.39714109897613525,0.8200160556284647,0.613854588181111,0.5789401253603218,0.6721213244020411,0.8018330525950029,0.6082832753714827,0.14525005221366882,0.08342748045286058
scratch,0.1,42,dropout,6.0,0.11003429934167352,0.43213677406311035,0.7533593229388733,0.5265349340279045,0.4292126095808981,0.5457833018520237,0.7084632765802519,0.42912795924483066,0.2094220668077469,0.16790543899036753
pretrained,0.1,42,clean,0.0,0.0,0.26737985014915466,0.898615874275108,0.7642266154977475,0.7115288104376745,0.7514507923049145,0.8860486914884451,0.7555103424889793,0.0910588726401329,0.02628945175893225
pretrained,0.1,42,gaussian,20.0,0.0031434446155576,0.29936307668685913,0.8954724296595504,0.7601493999202653,0.7080455111329671,0.7472080935669076,0.884498815825577,0.7523309035429734,0.09163663536310196,0.025196981087907033
pretrained,0.1,42,gaussian,10.0,0.014431064562043128,0.40868666768074036,0.8841848097130649,0.737944401720968,0.6852799301301364,0.771076287184765,0.8476165621428958,0.7244195356285028,0.09920655190944672,0.05434065066015588
pretrained,0.1,42,gaussian,5.0,0.02692152688684757,0.5051605701446533,0.8716943473882605,0.7125536514186785,0.6483492732311867,0.7995848729712502,0.7872001883276933,0.6792951541850221,0.11435625702142715,0.10449573880646712
pretrained,0.1,42,wander,0.2,0.0007307058310690451,0.30179929733276367,0.897885168444039,0.7646751290276461,0.7094310957369425,0.7664157601593543,0.8755047258860588,0.7493342210386151,0.0909021720290184,0.0239143990889965
pretrained,0.1,42,wander,0.5,5.174206372238199e-05,0.2957092821598053,0.8985641322113856,0.7670270708444784,0.7099335956139494,0.7643460132839891,0.8764911928290486,0.7507086876771719,0.09046558290719986,0.024595705754675172
pretrained,0.1,42,dropout,1.0,0.012397989533174503,0.29374960064888,0.8862178847419335,0.7438698340736808,0.6897985076621047,0.7470966132548253,0.870267519257737,0.7266655535147771,0.09947305172681808,0.03664513839075585
pretrained,0.1,42,dropout,3.0,0.03274265840158952,0.3456815481185913,0.8658732158735185,0.7070446994316716,0.6387500673723843,0.7301496337596598,0.832300568183013,0.662157809983897,0.1199529841542244,0.06901054695193362
pretrained,0.1,42,dropout,6.0,0.06902423977529948,0.40535804629325867,0.8295916344998086,0.6370866077770131,0.5532619573469827,0.7073570527870252,0.7469824868949706,0.5575273587695948,0.16020050644874573,0.1319054830035642
