model,fraction,n_seeds,auroc_mean,auroc_sd,auprc_mean,auprc_sd,f1_mean,f1_sd
linear_probe,0.05,3,0.8985751958686627,0.0036417938615513046,0.7603918595528647,0.006690068928369072,0.7045764530046187,0.008548975103390062
linear_probe,0.1,3,0.9070485099307275,0.0019969332755959525,0.774964921960953,0.00542987253546962,0.7116580576313226,0.0010700523785331208
linear_probe,1.0,1,0.9207472564627804,,0.8052689942264297,,0.7360647428593722,
pretrained,0.01,3,0.8536925039484055,0.008466462135933,0.6647929349417994,0.01783225172232553,0.6330888952271841,0.010682808097029574
pretrained,0.05,3,0.8877402068147632,0.005721247306557314,0.7383206458613096,0.011243903249679972,0.6946975908990508,0.0048063386514335
pretrained,0.1,3,0.9014318606974481,0.0024387715290637613,0.7697840737167194,0.005436610255289168,0.7137408647600537,0.0019561838065276973
pretrained,0.25,3,0.9156541336156288,0.0002335527662955449,0.8005114137319121,0.00148748542088875,0.7315194960966905,0.0023548969957573893
pretrained,1.0,1,0.9273793268704796,,0.8210759218627715,,0.7464059044422566,
scratch,0.01,3,0.8116834674186015,0.013617384854902452,0.5858230601883111,0.024766192997092065,0.5827277830402838,0.014893513938748238
scratch,0.05,3,0.8531289878805817,0.007610287671567528,0.6675147534483288,0.014492448241262508,0.6305309805951834,0.014020345541120964
scratch,0.1,3,0.8675783225932009,0.005179462722352093,0.7006894763047331,0.01363915364053459,0.6559594617673574,0.006837920544920048
scratch,0.25,3,0.8860740575619411,0.0006652479835377243,0.734146502737878,0.0045290551036475685,0.6841770298670102,0.0014972385866742518
scratch,1.0,1,0.9076873274718624,,0.775607696077109,,0.7114999260928503,
