model,fraction,seed,epochs_completed,best_epoch,best_validation_macro_auroc,reached_epoch_limit,best_in_last_three_epochs,training_examples_seen,optimizer_steps,training_seconds
scratch,0.01,42,30,30,0.8252926972415005,True,True,4920,180,100.07180404663086
pretrained,0.01,42,21,14,0.848328937984683,False,False,3444,126,67.00786304473877
scratch,0.01,52,30,30,0.8108131546863216,True,True,5010,180,100.1491219997406
pretrained,0.01,52,19,12,0.8518497298841752,False,False,3173,114,62.10378837585449
scratch,0.01,62,30,26,0.8149647031874835,True,False,5370,180,98.62626266479492
pretrained,0.01,62,23,16,0.8614004494278976,False,False,4117,138,77.29284286499023
scratch,0.05,42,21,14,0.8499732667073218,False,False,17661,567,115.0321671962738
pretrained,0.05,42,17,10,0.8856401518873522,False,False,14297,459,78.99751853942871
scratch,0.05,52,29,22,0.8553181464297698,False,False,25085,812,174.43450474739075
pretrained,0.05,52,13,6,0.8893698984156824,False,False,11245,364,72.5841281414032
scratch,0.05,62,27,20,0.8633504987432337,False,False,23328,729,151.66536450386047
pretrained,0.05,62,15,8,0.8861273321478611,False,False,12960,405,82.29285621643066
scratch,0.1,42,19,12,0.867490495125276,False,False,32053,1007,182.3419542312622
pretrained,0.1,42,11,4,0.9025538767621016,False,False,18557,583,92.87904620170593
scratch,0.1,52,28,21,0.8667738723341456,False,False,48104,1512,264.9907772541046
pretrained,0.1,52,12,5,0.8982743041847598,False,False,20616,648,133.3103666305542
scratch,0.1,62,26,19,0.876227991944671,False,False,44538,1404,229.40274572372437
pretrained,0.1,62,13,6,0.9050010351274544,False,False,22269,702,94.74609637260437
scratch,0.25,42,26,19,0.8858145060070324,False,False,110552,3458,771.7320833206177
pretrained,0.25,42,11,4,0.9169227803193656,False,False,46772,1463,401.71313524246216
scratch,0.25,52,25,18,0.8852957557397139,False,False,107425,3375,726.8791606426239
pretrained,0.25,52,11,4,0.912787271715833,False,False,47267,1485,282.96827602386475
scratch,0.25,62,24,17,0.8871134701073125,False,False,103488,3240,366.9816493988037
pretrained,0.25,62,10,3,0.9166837233392408,False,False,43120,1350,151.26391911506653
scratch,1.0,42,19,12,0.9090954789829836,False,False,324596,10146,2095.828399181366
pretrained,1.0,42,10,3,0.9271622646894536,False,False,170840,5340,1287.8808057308197
linear_probe,0.05,42,22,15,0.8990698977361344,False,False,18502,594,8.491630554199219
linear_probe,0.05,52,22,15,0.9000020280949974,False,False,19030,616,9.016852378845215
linear_probe,0.05,62,19,12,0.9038353515317944,False,False,16416,513,7.60478949546814
linear_probe,0.1,42,17,10,0.9074698322689024,False,False,28679,901,9.653341293334961
linear_probe,0.1,52,20,13,0.9085149216428932,False,False,34360,1080,11.500319242477417
linear_probe,0.1,62,18,11,0.9109555823876344,False,False,30834,972,9.732237577438354
linear_probe,1.0,42,13,6,0.9209081613245088,False,False,222092,6942,44.948837757110596
